station,full_fare,senior_citizen_disabled,_7_day_ada_farecard_access_system_unlimited,_30_day_ada_farecard_access_system_unlimited,joint_rail_road_ticket,_7_day_unlimited,_30_day_unlimited,_14_day_reduced_fare_media_unlimited,_1_day_unlimited,_14_day_unlimited,_7_day_express_bus_pass,transit_check_metrocard,lib_special_senior,rail_road_unlimited_no_trade,transit_check_metrocard_annual_metrocard,mail_and_ride_ezpay_express,mail_and_ride_unlimited,path_2_trip,airtrain_full_fare,airtrain_30_day,airtrain_10_trip,airtrain_monthly
WHITEHALL STREET,90076.0,6689.0,535.0,914.0,48.0,17751.0,15223.0,0.0,0.0,0.0,237.0,512.0,98.0,35.0,1965.0,1288.0,646.0,0.0,670.0,0.0,0.0,0.0
CYPRESS HILLS,7819.0,422.0,7.0,70.0,0.0,2663.0,1231.0,0.0,0.0,0.0,1.0,30.0,0.0,2.0,142.0,50.0,53.0,0.0,44.0,0.0,0.0,0.0
75TH STREET & ELDERTS LANE,23285.0,1172.0,33.0,57.0,0.0,6809.0,3287.0,0.0,0.0,0.0,9.0,90.0,28.0,3.0,548.0,114.0,107.0,0.0,104.0,0.0,0.0,0.0
85TH STREET & FOREST PKWAY,24854.0,1224.0,157.0,147.0,0.0,7022.0,4127.0,0.0,0.0,0.0,4.0,67.0,37.0,2.0,265.0,94.0,185.0,0.0,122.0,0.0,0.0,0.0
WOODHAVEN BOULEVARD,27546.0,1454.0,86.0,113.0,2.0,8248.0,5009.0,0.0,0.0,0.0,18.0,116.0,31.0,8.0,380.0,209.0,103.0,0.0,192.0,0.0,0.0,0.0
104TH STREET,16705.0,813.0,16.0,48.0,0.0,5039.0,2826.0,0.0,0.0,0.0,7.0,24.0,9.0,0.0,212.0,115.0,32.0,0.0,128.0,0.0,0.0,0.0
111TH STREET,12909.0,445.0,29.0,23.0,0.0,3075.0,1638.0,0.0,0.0,0.0,12.0,29.0,5.0,0.0,177.0,78.0,62.0,0.0,54.0,0.0,0.0,0.0
121ST STREET,12734.0,760.0,16.0,149.0,1.0,2725.0,2220.0,0.0,0.0,0.0,2.0,55.0,25.0,1.0,214.0,70.0,59.0,0.0,100.0,0.0,0.0,0.0
42ND STREET & 8TH AVENUE,386529.0,19451.0,998.0,1760.0,90.0,62678.0,59832.0,0.0,0.0,0.0,653.0,2045.0,373.0,72.0,6449.0,4311.0,2691.0,0.0,3182.0,0.0,0.0,0.0
34TH STREET & 8TH AVENUE,255877.0,14253.0,811.0,1784.0,782.0,40045.0,44952.0,0.0,0.0,0.0,446.0,1443.0,249.0,1872.0,5545.0,5076.0,2156.0,0.0,2774.0,0.0,0.0,0.0
FULTON STREET,191926.0,7258.0,486.0,682.0,103.0,32492.0,30111.0,0.0,0.0,0.0,419.0,1134.0,49.0,204.0,4187.0,2095.0,1480.0,0.0,1573.0,0.0,0.0,0.0
FIFTH AVENUE,61713.0,3277.0,89.0,239.0,126.0,9736.0,11293.0,0.0,0.0,0.0,217.0,1003.0,21.0,221.0,1535.0,1316.0,767.0,0.0,500.0,0.0,0.0,0.0
LEXINGTON AVENUE,117700.0,7534.0,482.0,957.0,162.0,23879.0,26931.0,0.0,0.0,0.0,270.0,1114.0,88.0,287.0,2748.0,2254.0,1166.0,0.0,1022.0,0.0,0.0,0.0
ROOSEVELT AVE/JACKSON HTS,304993.0,22110.0,1442.0,2799.0,17.0,90934.0,78463.0,0.0,0.0,0.0,102.0,971.0,250.0,75.0,8426.0,2088.0,2309.0,0.0,2692.0,0.0,0.0,0.0
179TH STREET & HILLSIDE AVE,105716.0,7885.0,488.0,982.0,8.0,24301.0,20811.0,0.0,0.0,0.0,66.0,1173.0,91.0,2.0,3816.0,1039.0,730.0,0.0,456.0,0.0,0.0,0.0
47-50 STREETS/ROCKEFELLER,164225.0,15547.0,464.0,1487.0,163.0,35436.0,40462.0,0.0,0.0,0.0,361.0,2148.0,80.0,69.0,5030.0,3273.0,1544.0,0.0,1078.0,0.0,0.0,0.0
42ND STREET & 6TH AVENUE,109082.0,6332.0,469.0,964.0,26.0,26832.0,26283.0,0.0,0.0,0.0,331.0,1735.0,54.0,13.0,3204.0,2004.0,1222.0,0.0,886.0,0.0,0.0,0.0
34TH STREET & 6TH AVENUE,417633.0,27227.0,1667.0,2811.0,333.0,85786.0,92586.0,0.0,0.0,0.0,754.0,3553.0,398.0,569.0,10250.0,8152.0,4240.0,0.0,3217.0,0.0,0.0,0.0
SUTPHIN BOULEVARD,123526.0,6570.0,488.0,758.0,164.0,27362.0,18813.0,0.0,0.0,0.0,43.0,472.0,105.0,285.0,3000.0,842.0,780.0,0.0,4279.0,0.0,0.0,0.0
JAMAICA CENTER-PARSONS BLVD,182876.0,10997.0,983.0,1567.0,33.0,49254.0,28694.0,0.0,0.0,0.0,82.0,714.0,162.0,43.0,6164.0,966.0,944.0,0.0,1750.0,0.0,0.0,0.0
WALL STREET,88915.0,4538.0,258.0,479.0,248.0,18974.0,19779.0,0.0,0.0,0.0,602.0,582.0,44.0,659.0,3096.0,1714.0,1066.0,0.0,712.0,0.0,0.0,0.0
FULTON & WILLIAM STREETS,73537.0,5470.0,286.0,604.0,77.0,16802.0,18799.0,0.0,0.0,0.0,68.0,669.0,50.0,160.0,2534.0,1305.0,1004.0,0.0,854.0,0.0,0.0,0.0
PARK PLACE,112085.0,7016.0,400.0,1091.0,111.0,20945.0,23965.0,0.0,0.0,0.0,1064.0,654.0,66.0,432.0,2539.0,1691.0,937.0,0.0,926.0,0.0,0.0,0.0
CHAMBERS STREET,39775.0,3484.0,191.0,456.0,72.0,10551.0,9664.0,0.0,0.0,0.0,241.0,281.0,8.0,107.0,1206.0,976.0,415.0,0.0,302.0,0.0,0.0,0.0
34TH STREET & 7TH AVENUE,86633.0,7293.0,441.0,606.0,126.0,17032.0,17045.0,0.0,0.0,0.0,131.0,530.0,68.0,573.0,2958.0,1364.0,735.0,0.0,503.0,0.0,0.0,0.0
42ND STREET/TIMES SQUARE,246833.0,14624.0,1270.0,2237.0,108.0,56092.0,54298.0,0.0,0.0,0.0,1190.0,2436.0,165.0,104.0,6528.0,3263.0,2303.0,0.0,1963.0,0.0,0.0,0.0
125TH STREET & BROADWAY,29305.0,2534.0,177.0,289.0,5.0,8538.0,6388.0,0.0,0.0,0.0,10.0,119.0,5.0,0.0,757.0,298.0,322.0,0.0,350.0,0.0,0.0,0.0
168TH STREET & BROADWAY,109807.0,8107.0,371.0,778.0,48.0,26806.0,31159.0,0.0,0.0,0.0,167.0,666.0,47.0,108.0,6071.0,1806.0,1466.0,0.0,1075.0,0.0,0.0,0.0
DYCKMAN STREET,37343.0,4007.0,228.0,455.0,1.0,13890.0,8581.0,0.0,0.0,0.0,10.0,101.0,26.0,0.0,1376.0,191.0,266.0,0.0,168.0,0.0,1.0,0.0
207TH STREET,28782.0,2475.0,158.0,219.0,8.0,11512.0,5877.0,0.0,0.0,0.0,25.0,36.0,13.0,1.0,941.0,95.0,193.0,0.0,187.0,0.0,0.0,0.0
215TH STREET,6354.0,705.0,75.0,119.0,0.0,1645.0,1817.0,0.0,0.0,0.0,7.0,93.0,4.0,1.0,329.0,85.0,56.0,0.0,65.0,0.0,0.0,0.0
225TH STREET,26941.0,1836.0,107.0,163.0,27.0,8330.0,5185.0,0.0,0.0,0.0,25.0,89.0,12.0,16.0,753.0,174.0,221.0,0.0,146.0,0.0,0.0,0.0
231ST STREET,44522.0,5393.0,312.0,433.0,6.0,13000.0,9886.0,0.0,0.0,0.0,65.0,198.0,23.0,1.0,1527.0,461.0,459.0,0.0,207.0,0.0,0.0,0.0
BOWLING GREEN & BATTERY PL,47046.0,3900.0,228.0,407.0,56.0,10660.0,9302.0,0.0,0.0,0.0,1459.0,451.0,21.0,73.0,1702.0,738.0,403.0,0.0,271.0,0.0,0.0,0.0
BOWLING GREEN & BROADWAY,12395.0,839.0,61.0,96.0,3.0,2766.0,2085.0,0.0,0.0,0.0,166.0,36.0,4.0,25.0,461.0,167.0,127.0,0.0,85.0,0.0,0.0,0.0
BROOKLYN BRIDGE,60287.0,5143.0,160.0,625.0,23.0,11008.0,14543.0,0.0,0.0,0.0,156.0,411.0,45.0,167.0,1791.0,843.0,568.0,0.0,386.0,0.0,0.0,0.0
42ND STREET & GRAND CENTRAL,289519.0,16728.0,1000.0,1934.0,781.0,53021.0,58835.0,0.0,0.0,0.0,871.0,2137.0,135.0,1676.0,7870.0,5027.0,3256.0,0.0,2062.0,0.0,0.0,0.0
42ND STREET & 3RD AVENUE,35855.0,2276.0,111.0,251.0,79.0,6794.0,9260.0,0.0,0.0,0.0,39.0,434.0,10.0,58.0,1313.0,734.0,469.0,0.0,222.0,0.0,0.0,0.0
51ST STREET & LEXINGTON AVE,35826.0,2362.0,217.0,282.0,8.0,10080.0,8891.0,0.0,0.0,0.0,144.0,321.0,10.0,33.0,1117.0,530.0,405.0,0.0,337.0,0.0,0.0,0.0
59TH STREET & LEXINGTON AVE,172083.0,12304.0,779.0,1280.0,151.0,52867.0,50053.0,0.0,0.0,0.0,475.0,1388.0,155.0,218.0,6455.0,2834.0,2062.0,0.0,1197.0,0.0,0.0,0.0
WOODLAWN ROAD,38675.0,2129.0,66.0,143.0,6.0,8754.0,4944.0,0.0,0.0,0.0,35.0,155.0,7.0,1.0,751.0,247.0,79.0,0.0,135.0,0.0,0.0,0.0
149TH STREET & 3RD AVENUE,92226.0,6047.0,524.0,990.0,11.0,34075.0,19914.0,0.0,0.0,0.0,42.0,189.0,91.0,1.0,4515.0,263.0,584.0,0.0,391.0,0.0,0.0,0.0
FIFTH AVENUE & 42ND STREET,43090.0,2253.0,99.0,238.0,13.0,8487.0,9238.0,0.0,0.0,0.0,282.0,428.0,12.0,13.0,973.0,686.0,458.0,0.0,403.0,0.0,0.0,0.0
MAIN STREET,286640.0,28914.0,848.0,2658.0,84.0,59511.0,65989.0,0.0,0.0,0.0,154.0,1565.0,655.0,33.0,4353.0,2448.0,1442.0,0.0,1326.0,0.0,0.0,0.0
NEVINS STREET,34569.0,2997.0,306.0,487.0,3.0,10457.0,8520.0,0.0,0.0,0.0,88.0,136.0,27.0,2.0,1771.0,282.0,382.0,0.0,303.0,0.0,0.0,0.0
BARCLAYS CENTER,163387.0,12007.0,1130.0,1426.0,211.0,39894.0,34683.0,0.0,0.0,0.0,161.0,771.0,74.0,570.0,5628.0,1878.0,1442.0,1.0,1628.0,0.0,0.0,0.0
BERGEN STREET,11662.0,743.0,59.0,197.0,0.0,2155.0,2421.0,0.0,0.0,0.0,4.0,87.0,2.0,0.0,476.0,228.0,135.0,0.0,141.0,0.0,0.0,0.0
GRAND ARMY PLAZA,22971.0,2188.0,84.0,207.0,13.0,4359.0,5088.0,0.0,0.0,0.0,11.0,119.0,16.0,19.0,949.0,396.0,343.0,0.0,304.0,0.0,0.0,0.0
EASTERN PARKWAY,13253.0,1270.0,102.0,78.0,0.0,2463.0,2286.0,0.0,0.0,0.0,2.0,84.0,3.0,1.0,572.0,93.0,196.0,0.0,190.0,0.0,0.0,0.0
NOSTRAND AVENUE,16319.0,1124.0,139.0,186.0,2.0,4342.0,3286.0,0.0,0.0,0.0,5.0,30.0,5.0,1.0,507.0,82.0,156.0,0.0,145.0,0.0,0.0,0.0
UTICA AVENUE,129921.0,11090.0,611.0,1322.0,21.0,36406.0,28113.0,0.0,0.0,0.0,53.0,538.0,152.0,67.0,6177.0,707.0,1093.0,0.0,578.0,0.0,1.0,0.0
SUTTER AVENUE,36750.0,3005.0,245.0,425.0,18.0,11002.0,7187.0,0.0,0.0,0.0,8.0,90.0,53.0,2.0,1319.0,227.0,285.0,0.0,100.0,0.0,0.0,0.0
SARATOGA AVENUE,31045.0,1708.0,174.0,251.0,1.0,8760.0,7154.0,0.0,0.0,0.0,1.0,74.0,14.0,1.0,902.0,130.0,210.0,0.0,190.0,0.0,2.0,0.0
ROCKAWAY AVENUE,22718.0,2114.0,165.0,297.0,1.0,7252.0,4583.0,0.0,0.0,0.0,7.0,69.0,205.0,1.0,1221.0,484.0,128.0,0.0,83.0,3.0,2.0,0.0
JUNIUS STREET,8466.0,826.0,74.0,113.0,2.0,4345.0,2818.0,0.0,0.0,0.0,2.0,15.0,3.0,4.0,310.0,28.0,21.0,0.0,30.0,0.0,0.0,0.0
PENNSYLVANIA AVENUE,22639.0,1967.0,236.0,295.0,2.0,7697.0,4354.0,0.0,0.0,0.0,26.0,41.0,22.0,0.0,906.0,132.0,81.0,0.0,71.0,0.0,0.0,0.0
VAN SICLEN AVENUE,14589.0,1027.0,66.0,174.0,0.0,5227.0,2898.0,0.0,0.0,0.0,6.0,27.0,11.0,0.0,630.0,107.0,63.0,0.0,54.0,2.0,4.0,0.0
NEW LOTS AVENUE,29370.0,1970.0,292.0,261.0,0.0,9343.0,5755.0,0.0,0.0,0.0,17.0,40.0,33.0,0.0,964.0,184.0,120.0,0.0,107.0,0.0,1.0,0.0
ST GEORGE TERMINAL,30430.0,2369.0,130.0,338.0,1.0,4143.0,4741.0,0.0,0.0,0.0,141.0,552.0,31.0,1.0,453.0,816.0,45.0,0.0,57.0,0.0,0.0,0.0
34TH STREET - HUDSON YARDS,53926.0,1865.0,61.0,219.0,41.0,15859.0,12024.0,0.0,0.0,0.0,258.0,219.0,26.0,27.0,1455.0,688.0,623.0,0.0,403.0,0.0,0.0,0.0
FIFTH AVENUE & 60TH STREET,59113.0,3857.0,145.0,496.0,14.0,11317.0,12851.0,0.0,0.0,0.0,192.0,563.0,46.0,157.0,2054.0,1017.0,611.0,0.0,496.0,0.0,0.0,0.0
57TH STREET & 7TH AVENUE,88580.0,7094.0,241.0,763.0,7.0,22148.0,24742.0,0.0,0.0,0.0,122.0,707.0,128.0,67.0,3194.0,1873.0,1087.0,0.0,815.0,0.0,0.0,0.0
49TH STREET & 7TH AVENUE,44429.0,2672.0,208.0,273.0,11.0,11468.0,10787.0,0.0,0.0,0.0,152.0,285.0,17.0,1.0,1330.0,692.0,362.0,0.0,464.0,0.0,0.0,0.0
28TH STREET & BROADWAY,32315.0,1591.0,115.0,242.0,4.0,9831.0,8360.0,0.0,0.0,0.0,57.0,209.0,10.0,7.0,791.0,573.0,409.0,0.0,322.0,0.0,0.0,0.0
23RD STREET & 5TH AVENUE,49715.0,3501.0,357.0,506.0,14.0,14107.0,14482.0,0.0,0.0,0.0,400.0,369.0,18.0,9.0,1367.0,901.0,677.0,0.0,546.0,0.0,0.0,0.0
59TH STREET/COLUMBUS CIRCLE,203824.0,16137.0,935.0,1928.0,101.0,53127.0,49447.0,0.0,0.0,0.0,378.0,1124.0,121.0,405.0,7092.0,3520.0,2203.0,1.0,1943.0,0.0,0.0,0.0
8TH STREET & BROADWAY,39348.0,2638.0,196.0,431.0,15.0,9114.0,9250.0,0.0,0.0,0.0,79.0,305.0,15.0,27.0,1036.0,763.0,391.0,0.0,460.0,0.0,0.0,0.0
PRINCE STREET & BROADWAY,36709.0,1522.0,87.0,172.0,9.0,8928.0,8186.0,0.0,0.0,0.0,132.0,188.0,11.0,7.0,806.0,576.0,371.0,0.0,384.0,0.0,0.0,0.0
CITY HALL,15532.0,1495.0,82.0,160.0,3.0,2851.0,3695.0,0.0,0.0,0.0,96.0,194.0,8.0,6.0,348.0,254.0,245.0,0.0,123.0,0.0,0.0,0.0
CORTLANDT STREET,49712.0,2283.0,120.0,219.0,5.0,6870.0,7869.0,0.0,0.0,0.0,129.0,263.0,13.0,4.0,815.0,714.0,475.0,0.0,434.0,0.0,0.0,0.0
JAY ST-METROTECH,111052.0,9090.0,854.0,1124.0,11.0,26638.0,24841.0,0.0,0.0,0.0,88.0,473.0,86.0,27.0,3873.0,1392.0,956.0,0.0,1026.0,0.0,0.0,0.0
39TH AVENUE & 31ST STREET,11275.0,532.0,42.0,149.0,2.0,3531.0,2768.0,0.0,0.0,0.0,16.0,59.0,25.0,3.0,212.0,104.0,120.0,0.0,76.0,0.0,0.0,0.0
36TH AVENUE & 31ST STREET,28968.0,2042.0,106.0,159.0,0.0,7741.0,6948.0,0.0,0.0,0.0,36.0,131.0,6.0,0.0,940.0,354.0,321.0,0.0,233.0,0.0,0.0,0.0
BROADWAY & 31ST STREET,52059.0,3658.0,185.0,212.0,3.0,10457.0,12044.0,0.0,0.0,0.0,20.0,351.0,59.0,3.0,1684.0,659.0,707.0,0.0,557.0,0.0,0.0,0.0
30TH AVENUE & 31ST STREET,63561.0,3542.0,182.0,249.0,3.0,14901.0,15018.0,0.0,0.0,0.0,20.0,308.0,39.0,10.0,1851.0,711.0,986.0,0.0,566.0,0.0,0.0,0.0
ASTORIA BLVD & 31ST STREET,39528.0,2012.0,124.0,215.0,3.0,9335.0,8884.0,0.0,0.0,0.0,12.0,257.0,29.0,1.0,1235.0,569.0,465.0,0.0,326.0,0.0,0.0,0.0
DITMARS BLVD & 31ST STREET,71526.0,3956.0,212.0,385.0,26.0,15590.0,14995.0,0.0,0.0,0.0,17.0,504.0,89.0,3.0,2241.0,888.0,718.0,0.0,541.0,0.0,0.0,0.0
82ND STREET-JACKSON HEIGHTS,83027.0,7119.0,364.0,626.0,5.0,29435.0,15678.0,0.0,0.0,0.0,21.0,304.0,73.0,23.0,1781.0,512.0,373.0,0.0,511.0,0.0,0.0,0.0
JUNCTION BLVD-ROOSEVELT AVE,150612.0,4611.0,318.0,496.0,1.0,95095.0,21122.0,0.0,0.0,0.0,111.0,334.0,54.0,4.0,1488.0,1246.0,1377.0,0.0,548.0,0.0,0.0,0.0
CHURCH AVENUE,87626.0,6287.0,703.0,917.0,2.0,23768.0,18432.0,0.0,0.0,0.0,84.0,320.0,36.0,4.0,3864.0,586.0,813.0,0.0,585.0,0.0,0.0,0.0
DEKALB AVENUE,82549.0,5508.0,412.0,804.0,3.0,17019.0,21436.0,0.0,0.0,0.0,134.0,386.0,68.0,0.0,2723.0,1329.0,692.0,0.0,842.0,0.0,0.0,0.0
METROPOLITAN AVENUE,22453.0,1398.0,66.0,233.0,2.0,3546.0,3563.0,0.0,0.0,0.0,10.0,127.0,13.0,0.0,564.0,284.0,93.0,0.0,141.0,0.0,0.0,0.0
145TH STREET,92744.0,5023.0,490.0,875.0,5.0,35951.0,24070.0,0.0,0.0,0.0,16.0,220.0,50.0,49.0,3680.0,554.0,957.0,0.0,859.0,0.0,0.0,0.0
125TH STREET,117582.0,9052.0,1125.0,1369.0,37.0,42686.0,27468.0,0.0,0.0,0.0,95.0,366.0,124.0,10.0,4530.0,935.0,1185.0,0.0,1260.0,0.0,0.0,0.0
BROADWAY-EAST NEW YORK,45808.0,3414.0,313.0,425.0,1.0,14326.0,7630.0,0.0,0.0,0.0,30.0,109.0,35.0,0.0,1648.0,122.0,317.0,0.0,350.0,0.0,0.0,0.0
167TH ST-GRAND CONCOURSE,48136.0,2702.0,324.0,368.0,1.0,21725.0,10759.0,0.0,0.0,0.0,12.0,108.0,22.0,7.0,1495.0,203.0,253.0,0.0,269.0,0.0,0.0,0.0
14TH STREET & 7TH AVENUE,69446.0,7584.0,486.0,838.0,30.0,21260.0,17785.0,0.0,0.0,0.0,157.0,453.0,27.0,74.0,2196.0,1446.0,866.0,0.0,723.0,0.0,0.0,0.0
CASTLE HILL AVENUE,35011.0,1741.0,138.0,168.0,1.0,10355.0,7033.0,0.0,0.0,0.0,22.0,88.0,12.0,1.0,1324.0,146.0,118.0,0.0,152.0,0.0,0.0,0.0
WESTCHESTER SQUARE,28795.0,2196.0,128.0,236.0,1.0,7023.0,5121.0,0.0,0.0,0.0,65.0,97.0,29.0,3.0,1320.0,329.0,205.0,0.0,87.0,0.0,0.0,0.0
BOROUGH HALL - COURT STREET,94334.0,9438.0,681.0,1066.0,57.0,19811.0,19718.0,0.0,0.0,0.0,333.0,642.0,50.0,112.0,3391.0,1320.0,911.0,0.0,735.0,0.0,0.0,0.0
CHURCH AVENUE & NOSTRAND AV,49870.0,3827.0,525.0,630.0,9.0,12515.0,9392.0,0.0,0.0,0.0,43.0,155.0,45.0,12.0,2027.0,205.0,345.0,0.0,290.0,0.0,0.0,0.0
FLATBUSH AVE & NOSTRAND AV,84916.0,6908.0,640.0,946.0,5.0,18601.0,15005.0,0.0,0.0,0.0,47.0,428.0,50.0,2.0,3837.0,509.0,635.0,0.0,272.0,0.0,0.0,0.0
23RD STREET & 8TH AVENUE,65881.0,6757.0,365.0,838.0,28.0,17837.0,18287.0,0.0,0.0,0.0,105.0,431.0,58.0,13.0,1939.0,1014.0,820.0,0.0,788.0,0.0,0.0,0.0
FORDHAM RD/GRAND CONCOURSE,57521.0,2939.0,250.0,414.0,4.0,22631.0,10288.0,0.0,0.0,0.0,24.0,116.0,45.0,25.0,1433.0,203.0,351.0,0.0,296.0,2.0,5.0,0.0
SEVENTH AVENUE & WEST 53RD,32920.0,1894.0,148.0,299.0,20.0,8518.0,9477.0,0.0,0.0,0.0,55.0,251.0,14.0,32.0,919.0,708.0,403.0,0.0,308.0,0.0,0.0,0.0
PARSONS BLVD & HILLSIDE AV,39997.0,2299.0,265.0,448.0,0.0,11263.0,6794.0,0.0,0.0,0.0,9.0,165.0,29.0,0.0,1067.0,274.0,245.0,0.0,351.0,0.0,0.0,0.0
169TH STREET & HILLSIDE AVE,43725.0,2800.0,179.0,351.0,5.0,10083.0,7852.0,0.0,0.0,0.0,8.0,257.0,79.0,0.0,589.0,308.0,283.0,0.0,398.0,0.0,0.0,0.0
50TH STREET & 7TH AVENUE,38293.0,2896.0,202.0,495.0,103.0,11848.0,9591.0,0.0,0.0,0.0,115.0,178.0,11.0,173.0,1650.0,724.0,480.0,0.0,345.0,0.0,0.0,0.0
242ND STREET & BROADWAY,46772.0,2230.0,166.0,319.0,19.0,10066.0,6044.0,0.0,0.0,0.0,33.0,261.0,9.0,3.0,849.0,329.0,220.0,0.0,277.0,0.0,0.0,0.0
CANAL STREET,38018.0,7080.0,147.0,706.0,1.0,4816.0,16027.0,0.0,0.0,0.0,33.0,267.0,142.0,2.0,876.0,460.0,227.0,0.0,308.0,0.0,0.0,0.0
FORDHAM ROAD & JEROME AVE,51985.0,3330.0,275.0,455.0,11.0,21228.0,9840.0,0.0,0.0,0.0,27.0,94.0,87.0,11.0,1935.0,433.0,259.0,2.0,269.0,3.0,9.0,0.0
MORRISON AVE & WESTCHESTER,37343.0,1692.0,84.0,173.0,0.0,14795.0,6077.0,0.0,0.0,0.0,13.0,99.0,26.0,0.0,806.0,116.0,122.0,0.0,104.0,0.0,0.0,0.0
QUEENSBORO PLAZA,56260.0,2103.0,128.0,392.0,38.0,14902.0,13012.0,0.0,0.0,0.0,35.0,231.0,33.0,16.0,2010.0,614.0,624.0,0.0,571.0,0.0,0.0,0.0
90TH STREET/ELMHURST AVENUE,114171.0,5415.0,192.0,480.0,4.0,43418.0,18860.0,0.0,0.0,0.0,44.0,267.0,95.0,5.0,1481.0,309.0,516.0,0.0,712.0,0.0,0.0,0.0
FRANKLIN AVE/EASTERN PKWY,53208.0,3784.0,313.0,592.0,5.0,13235.0,11464.0,0.0,0.0,0.0,30.0,147.0,22.0,1.0,2572.0,321.0,398.0,0.0,474.0,0.0,0.0,0.0
KINGSTON AVE/EASTERN PKWY,20584.0,1961.0,107.0,178.0,2.0,4999.0,3794.0,0.0,0.0,0.0,9.0,129.0,19.0,16.0,585.0,218.0,184.0,0.0,171.0,0.0,0.0,0.0
BROAD STREET & WALL STREET,21770.0,942.0,53.0,82.0,1.0,4227.0,4325.0,0.0,0.0,0.0,109.0,127.0,11.0,5.0,687.0,401.0,105.0,0.0,227.0,0.0,0.0,0.0
175TH STREET/FT WASHINGTON,58079.0,3831.0,281.0,580.0,7.0,13478.0,10553.0,0.0,0.0,0.0,62.0,274.0,40.0,4.0,1622.0,493.0,463.0,0.0,390.0,0.0,0.0,0.0
SUTPHIN BLVD-HILLSIDE AVE,25254.0,1324.0,116.0,127.0,1.0,6445.0,4875.0,0.0,0.0,0.0,9.0,153.0,40.0,2.0,350.0,145.0,144.0,0.0,259.0,0.0,0.0,0.0
BERGEN STREET-SMITH STREET,37653.0,2154.0,54.0,211.0,1.0,8086.0,7309.0,0.0,0.0,0.0,8.0,261.0,24.0,5.0,846.0,562.0,344.0,0.0,486.0,0.0,0.0,0.0
KINGS HIGHWAY-MCDONALD AVE,17119.0,1438.0,71.0,245.0,0.0,3344.0,4125.0,0.0,0.0,0.0,5.0,78.0,15.0,0.0,247.0,193.0,89.0,0.0,72.0,0.0,0.0,0.0
23RD STREET-PARK AVE SOUTH,52749.0,4788.0,352.0,558.0,33.0,13814.0,14937.0,0.0,0.0,0.0,541.0,273.0,42.0,109.0,1735.0,822.0,617.0,0.0,386.0,0.0,0.0,0.0
125TH STREET-LEXINGTON AVE,97760.0,7452.0,695.0,1483.0,93.0,34131.0,23381.0,0.0,0.0,0.0,131.0,232.0,202.0,216.0,5883.0,1573.0,718.0,5.0,595.0,8.0,8.0,0.0
MOSHOLU PARKWAY-JEROME AVE,43285.0,3052.0,91.0,424.0,2.0,14537.0,11888.0,0.0,0.0,0.0,45.0,170.0,20.0,4.0,3730.0,264.0,285.0,0.0,181.0,0.0,0.0,0.0
HUNTERS PT AVE-49TH AVE,23112.0,1090.0,146.0,97.0,38.0,5216.0,4356.0,0.0,0.0,0.0,87.0,127.0,10.0,128.0,4271.0,354.0,181.0,0.0,104.0,0.0,0.0,0.0
NEWKIRK AVE-NOSTRAND AVE,37355.0,2882.0,331.0,393.0,5.0,10308.0,7422.0,0.0,0.0,0.0,36.0,111.0,24.0,1.0,1744.0,93.0,206.0,0.0,111.0,0.0,0.0,0.0
SHEEPSHEAD BAY ROAD,73764.0,7504.0,167.0,787.0,1.0,10847.0,17231.0,0.0,0.0,0.0,24.0,493.0,63.0,1.0,3039.0,878.0,495.0,0.0,343.0,0.0,0.0,0.0
MYRTLE AVE-GATES AVENUE,121037.0,4666.0,186.0,713.0,10.0,33607.0,21801.0,0.0,0.0,0.0,22.0,355.0,40.0,2.0,2519.0,611.0,899.0,0.0,802.0,3.0,0.0,0.0
WEST 4TH ST-WASHINGTON SQ,123392.0,7268.0,386.0,983.0,33.0,34538.0,30025.0,0.0,0.0,0.0,343.0,705.0,37.0,115.0,2865.0,2166.0,1339.0,0.0,1537.0,0.0,0.0,0.0
CANAL STREET-LISPENARD ST,53466.0,3071.0,216.0,381.0,67.0,13417.0,12153.0,0.0,0.0,0.0,75.0,373.0,31.0,203.0,1041.0,859.0,539.0,0.0,640.0,0.0,0.0,0.0
QUEENS PLAZA-JACKSON AVE,39626.0,1896.0,89.0,244.0,35.0,10092.0,11005.0,0.0,0.0,0.0,102.0,213.0,10.0,4.0,1621.0,533.0,431.0,0.0,548.0,0.0,0.0,0.0
71ST AVE-CONTINENTAL AVE,119402.0,12352.0,494.0,1461.0,33.0,19978.0,25261.0,0.0,0.0,0.0,84.0,1148.0,172.0,6.0,3109.0,2437.0,999.0,0.0,928.0,0.0,0.0,0.0
ESSEX ST-DELANCEY ST,109460.0,7221.0,433.0,813.0,19.0,27123.0,23659.0,0.0,0.0,0.0,151.0,480.0,91.0,3.0,2981.0,1122.0,803.0,0.0,1100.0,0.0,0.0,0.0
28TH STREET-PARK AVE SOUTH,57630.0,3949.0,147.0,351.0,40.0,15328.0,13276.0,0.0,0.0,0.0,78.0,434.0,35.0,72.0,5256.0,844.0,451.0,0.0,429.0,0.0,0.0,0.0
96TH STREET-LEXINGTON AVE,78479.0,5386.0,327.0,453.0,34.0,17419.0,19652.0,0.0,0.0,0.0,283.0,433.0,49.0,53.0,3828.0,1568.0,1098.0,0.0,588.0,0.0,0.0,0.0
241ST ST-WHITE PLAINS RD,26746.0,1411.0,154.0,69.0,1.0,6733.0,3678.0,0.0,0.0,0.0,31.0,64.0,10.0,1.0,787.0,151.0,50.0,0.0,101.0,0.0,0.0,0.0
HUNTS PT AVE-SOUTHERN BLVD,52800.0,3020.0,268.0,426.0,9.0,19428.0,10874.0,0.0,0.0,0.0,22.0,125.0,85.0,4.0,1826.0,404.0,217.0,2.0,143.0,6.0,1.0,0.0
61ST STREET-ROOSEVELT AVE,92525.0,6384.0,439.0,837.0,77.0,25201.0,20769.0,0.0,0.0,0.0,65.0,346.0,74.0,99.0,1850.0,819.0,701.0,0.0,702.0,0.0,0.0,0.0
PARKSIDE AVE-OCEAN AVE,38007.0,2635.0,208.0,263.0,1.0,8360.0,7169.0,0.0,0.0,0.0,10.0,128.0,8.0,0.0,1597.0,192.0,367.0,0.0,385.0,0.0,0.0,0.0
NEWKIRK PLAZA,54765.0,4168.0,322.0,588.0,0.0,12121.0,12162.0,0.0,0.0,0.0,22.0,273.0,35.0,0.0,1829.0,383.0,364.0,0.0,378.0,0.0,0.0,0.0
AVENUE U-EAST 16TH STREET,38456.0,3864.0,206.0,555.0,15.0,6745.0,10290.0,0.0,0.0,0.0,16.0,265.0,87.0,0.0,686.0,473.0,322.0,0.0,200.0,0.0,0.0,0.0
STILLWELL AVE-CONEY ISLAND,95061.0,8769.0,429.0,818.0,7.0,20752.0,15438.0,0.0,0.0,0.0,46.0,289.0,85.0,1.0,1266.0,614.0,378.0,1.0,603.0,0.0,0.0,0.0
ROCKAWAY PKWY-GLENWOOD RD,50650.0,2786.0,114.0,467.0,0.0,11211.0,8756.0,0.0,0.0,0.0,62.0,178.0,16.0,0.0,2686.0,291.0,333.0,0.0,179.0,0.0,0.0,0.0
UTICA AVE-STUYVESANT AVE,66778.0,3858.0,433.0,665.0,6.0,21392.0,14176.0,0.0,0.0,0.0,58.0,210.0,57.0,0.0,2755.0,394.0,644.0,0.0,573.0,0.0,0.0,0.0
TREMONT AVE-179TH ST,45546.0,2789.0,364.0,313.0,9.0,19755.0,9289.0,0.0,0.0,0.0,12.0,159.0,24.0,0.0,1299.0,231.0,303.0,0.0,152.0,0.0,0.0,0.0
KINGSBRIDGE RD-196TH ST,40353.0,2049.0,168.0,391.0,2.0,16236.0,9077.0,0.0,0.0,0.0,7.0,73.0,38.0,0.0,1233.0,253.0,268.0,0.0,177.0,1.0,2.0,0.0
BEDFORD PARK BLVD-203RD ST,32873.0,2138.0,139.0,276.0,8.0,11671.0,8028.0,0.0,0.0,0.0,12.0,186.0,9.0,0.0,1157.0,322.0,219.0,0.0,111.0,0.0,0.0,0.0
205TH ST-BAINBRIDGE AVE,48255.0,2804.0,256.0,389.0,0.0,16696.0,10623.0,0.0,0.0,0.0,28.0,123.0,21.0,23.0,1908.0,346.0,375.0,0.0,180.0,0.0,0.0,0.0
UNION TURNPIKE-KEW GARDENS,120207.0,10372.0,662.0,1368.0,68.0,23361.0,25522.0,0.0,0.0,0.0,60.0,1237.0,130.0,0.0,3216.0,1857.0,969.0,0.0,919.0,0.0,0.0,0.0
116TH STREET-COLUMBIA,27207.0,1869.0,94.0,165.0,30.0,5514.0,5988.0,0.0,0.0,0.0,71.0,133.0,5.0,75.0,1029.0,647.0,402.0,0.0,305.0,0.0,0.0,0.0
ASTOR PLACE-4 AVENUE,33529.0,2709.0,135.0,453.0,12.0,9113.0,7957.0,0.0,0.0,0.0,33.0,298.0,14.0,19.0,988.0,481.0,396.0,0.0,315.0,0.0,0.0,0.0
KINGSBRIDGE RD-JEROME AVE,43126.0,2441.0,174.0,414.0,1.0,16907.0,9062.0,0.0,0.0,0.0,45.0,154.0,60.0,1.0,1322.0,98.0,502.0,0.0,164.0,0.0,0.0,0.0
ELDER AVE-WESTCHESTER AVE,37717.0,1435.0,167.0,294.0,0.0,15560.0,6633.0,0.0,0.0,0.0,9.0,62.0,24.0,0.0,720.0,187.0,236.0,0.0,194.0,1.0,0.0,0.0
14TH STREET-6TH AVENUE,73938.0,4837.0,268.0,657.0,10.0,16200.0,15045.0,0.0,0.0,0.0,203.0,620.0,21.0,8.0,1853.0,1204.0,752.0,0.0,589.0,0.0,0.0,0.0
66TH STREET-BROADWAY,47336.0,5499.0,224.0,529.0,35.0,11695.0,11935.0,0.0,0.0,0.0,84.0,426.0,44.0,90.0,1535.0,810.0,746.0,0.0,348.0,0.0,0.0,0.0
TOMPKINSVILLE,4649.0,103.0,1.0,2.0,0.0,366.0,31.0,0.0,0.0,0.0,4.0,1.0,0.0,0.0,25.0,65.0,0.0,0.0,0.0,0.0,0.0,0.0
79TH STREET-BROADWAY,45789.0,5017.0,293.0,560.0,5.0,13155.0,11735.0,0.0,0.0,0.0,44.0,328.0,16.0,49.0,1273.0,767.0,535.0,0.0,404.0,0.0,0.0,0.0
86TH STREET-BROADWAY,54903.0,6957.0,580.0,676.0,31.0,15823.0,14839.0,0.0,0.0,0.0,78.0,278.0,58.0,26.0,1512.0,1113.0,641.0,0.0,364.0,0.0,0.0,0.0
96TH STREET-BROADWAY,120016.0,15453.0,744.0,1760.0,27.0,34753.0,29891.0,0.0,0.0,0.0,137.0,705.0,154.0,33.0,4290.0,1925.0,1665.0,0.0,994.0,0.0,0.0,0.0
137TH STREET-BROADWAY,47725.0,3868.0,235.0,546.0,5.0,18274.0,12050.0,0.0,0.0,0.0,10.0,78.0,28.0,2.0,1579.0,305.0,431.0,0.0,350.0,0.0,1.0,0.0
14TH STREET-UNION SQUARE,303409.0,26349.0,1757.0,3270.0,103.0,82274.0,73595.0,0.0,0.0,0.0,577.0,1758.0,158.0,150.0,10027.0,4563.0,3105.0,0.0,2736.0,0.0,0.0,0.0
7TH AVENUE-PARK PLACE,34598.0,2421.0,115.0,207.0,0.0,4533.0,6375.0,0.0,0.0,0.0,9.0,261.0,13.0,1.0,1067.0,833.0,353.0,0.0,462.0,0.0,0.0,0.0
BRIGHTON BEACH-CONEY ISLAND,85473.0,9910.0,365.0,1373.0,3.0,13983.0,19490.0,0.0,0.0,0.0,26.0,303.0,89.0,0.0,1086.0,879.0,545.0,0.0,657.0,0.0,0.0,0.0
207TH STREET-BROADWAY,39596.0,4325.0,222.0,414.0,7.0,11612.0,9197.0,0.0,0.0,0.0,17.0,140.0,19.0,1.0,1576.0,439.0,411.0,0.0,268.0,0.0,0.0,0.0
181ST STREET-FT WASH AVE,42007.0,4283.0,150.0,476.0,12.0,10620.0,10439.0,0.0,0.0,0.0,1.0,221.0,44.0,14.0,1321.0,476.0,426.0,0.0,503.0,0.0,0.0,0.0
8TH AVENUE-14TH STREET,123132.0,7851.0,473.0,1145.0,74.0,35240.0,28854.0,0.0,0.0,0.0,239.0,594.0,41.0,52.0,3317.0,2174.0,1321.0,0.0,1368.0,0.0,0.0,0.0
33RD STREET-PARK AVENUE,80556.0,6311.0,344.0,613.0,52.0,18022.0,20957.0,0.0,0.0,0.0,369.0,827.0,66.0,82.0,3613.0,1373.0,767.0,0.0,605.0,0.0,0.0,0.0
68TH STREET-HUNTER COLLEGE,78780.0,6381.0,184.0,715.0,147.0,17546.0,19151.0,0.0,0.0,0.0,239.0,589.0,24.0,149.0,3390.0,1150.0,813.0,0.0,457.0,0.0,0.0,0.0
77TH STREET-LEXINGTON AVE,109242.0,8653.0,356.0,793.0,97.0,25511.0,25317.0,0.0,0.0,0.0,416.0,722.0,39.0,216.0,2171.0,1798.0,1330.0,0.0,631.0,0.0,0.0,0.0
86TH STREET-LEXINGTON AVE,154723.0,11354.0,682.0,1042.0,37.0,44594.0,37858.0,0.0,0.0,0.0,529.0,949.0,123.0,152.0,5436.0,2746.0,1768.0,0.0,1011.0,0.0,0.0,0.0
103RD STREET-LEXINGTON AVE,59327.0,4409.0,360.0,483.0,23.0,19064.0,14554.0,0.0,0.0,0.0,75.0,160.0,85.0,47.0,1565.0,633.0,626.0,0.0,328.0,0.0,2.0,0.0
110TH STREET-LEXINGTON AVE,45006.0,3088.0,204.0,537.0,4.0,15231.0,10847.0,0.0,0.0,0.0,38.0,248.0,25.0,0.0,1773.0,344.0,532.0,0.0,198.0,0.0,0.0,0.0
116TH STREET-LEXINGTON AVE,59006.0,4817.0,365.0,831.0,5.0,23558.0,14624.0,0.0,0.0,0.0,60.0,164.0,59.0,5.0,2080.0,496.0,631.0,0.0,472.0,0.0,6.0,0.0
BEDFORD PARK BLVD-JEROME AV,23816.0,1250.0,102.0,86.0,2.0,7397.0,4541.0,0.0,0.0,0.0,21.0,43.0,14.0,0.0,860.0,75.0,171.0,0.0,54.0,0.0,0.0,0.0
CORTELYOU RD-EAST 16TH ST,36438.0,2402.0,168.0,220.0,1.0,7357.0,7031.0,0.0,0.0,0.0,20.0,143.0,14.0,0.0,1023.0,333.0,248.0,0.0,204.0,0.0,0.0,0.0
DYCKMAN STREET-BROADWAY,31391.0,2445.0,159.0,202.0,4.0,8905.0,6832.0,0.0,0.0,0.0,11.0,92.0,15.0,1.0,1059.0,200.0,340.0,0.0,401.0,0.0,0.0,0.0
86TH ST-CENTRAL PARK WEST,32383.0,2978.0,150.0,311.0,6.0,8161.0,7805.0,0.0,0.0,0.0,25.0,252.0,26.0,65.0,1034.0,619.0,328.0,0.0,304.0,0.0,0.0,0.0
81ST STREET-MUSEUM,30433.0,2632.0,123.0,241.0,3.0,7117.0,7589.0,0.0,0.0,0.0,34.0,199.0,16.0,20.0,1322.0,646.0,279.0,0.0,335.0,0.0,0.0,0.0
50TH STREET-8TH AVENUE,54016.0,3364.0,358.0,421.0,10.0,14293.0,12079.0,0.0,0.0,0.0,36.0,249.0,26.0,33.0,1243.0,877.0,572.0,0.0,747.0,0.0,0.0,0.0
CHRISTOPHER ST-SHERIDAN SQ,26724.0,2780.0,164.0,376.0,16.0,7237.0,6063.0,0.0,0.0,0.0,97.0,160.0,7.0,36.0,476.0,494.0,342.0,0.0,343.0,0.0,0.0,0.0
23RD STREET-7TH AVENUE,37843.0,4699.0,273.0,603.0,4.0,11668.0,10099.0,0.0,0.0,0.0,94.0,211.0,34.0,22.0,1374.0,725.0,489.0,1.0,401.0,0.0,0.0,0.0
103RD STREET-BROADWAY,40944.0,5919.0,264.0,847.0,10.0,11799.0,10014.0,0.0,0.0,0.0,29.0,145.0,29.0,6.0,1508.0,599.0,384.0,0.0,450.0,0.0,0.0,0.0
110TH STREET-BROADWAY,40719.0,4618.0,243.0,510.0,17.0,11252.0,8835.0,0.0,0.0,0.0,54.0,162.0,26.0,6.0,1776.0,629.0,501.0,0.0,402.0,0.0,0.0,0.0
157TH STREET-BROADWAY,48184.0,4248.0,212.0,492.0,0.0,17811.0,11789.0,0.0,0.0,0.0,14.0,168.0,19.0,1.0,1640.0,352.0,580.0,0.0,311.0,0.0,0.0,0.0
BLEECKER ST-LAFAYETTE ST,42173.0,2059.0,136.0,317.0,1.0,13199.0,10955.0,0.0,0.0,0.0,44.0,296.0,16.0,87.0,1199.0,686.0,495.0,0.0,476.0,0.0,0.0,0.0
161ST STREET-YANKEE STADIUM,102399.0,7323.0,649.0,1242.0,5.0,40007.0,23036.0,0.0,0.0,0.0,52.0,338.0,108.0,40.0,4271.0,370.0,685.0,0.0,487.0,0.0,8.0,0.0
PROSPECT PARK-EMPIRE BLVD,46631.0,3439.0,368.0,450.0,1.0,11411.0,10170.0,0.0,0.0,0.0,33.0,112.0,19.0,16.0,1970.0,423.0,478.0,0.0,410.0,0.0,0.0,0.0
36TH STREET-4TH AVENUE,75775.0,4031.0,286.0,609.0,1.0,21210.0,19273.0,0.0,0.0,0.0,66.0,252.0,41.0,26.0,1587.0,548.0,693.0,0.0,457.0,0.0,0.0,0.0
NOSTRAND AVE-FULTON ST,68728.0,4006.0,696.0,547.0,1.0,19928.0,14656.0,0.0,0.0,0.0,47.0,170.0,39.0,0.0,2319.0,418.0,405.0,0.0,800.0,0.0,0.0,0.0
KINGSTON AVE-THROOP AVE,24069.0,1094.0,109.0,162.0,1.0,6691.0,4845.0,0.0,0.0,0.0,17.0,80.0,9.0,0.0,1020.0,129.0,156.0,0.0,257.0,0.0,0.0,0.0
EUCLID AVE-PITKIN AVE,52387.0,3367.0,361.0,514.0,6.0,17100.0,11201.0,0.0,0.0,0.0,36.0,185.0,45.0,0.0,1438.0,468.0,325.0,0.0,260.0,0.0,1.0,0.0
WOODHAVEN BLVD-QUEENS BLVD,94229.0,6966.0,309.0,565.0,2.0,22343.0,21376.0,0.0,0.0,0.0,34.0,595.0,104.0,38.0,2335.0,930.0,881.0,0.0,538.0,0.0,0.0,0.0
63RD DRIVE-REGO PARK,73365.0,10363.0,403.0,999.0,14.0,14156.0,18830.0,0.0,0.0,0.0,33.0,722.0,168.0,35.0,1998.0,849.0,815.0,0.0,518.0,0.0,0.0,0.0
23RD STREET-6TH AVENUE,82588.0,6527.0,541.0,935.0,11.0,22797.0,22101.0,0.0,0.0,0.0,163.0,519.0,35.0,58.0,2568.0,1188.0,1036.0,0.0,730.0,0.0,0.0,0.0
CHURCH AVE-MCDONALD AVE,58536.0,4387.0,162.0,528.0,15.0,12545.0,10508.0,0.0,0.0,0.0,16.0,127.0,63.0,23.0,908.0,435.0,317.0,0.0,335.0,0.0,0.0,0.0
149TH ST-GRAND CONCOURSE,54587.0,3141.0,390.0,451.0,3.0,17535.0,12592.0,0.0,0.0,0.0,46.0,186.0,30.0,11.0,7827.0,236.0,324.0,0.0,203.0,0.0,0.0,0.0
125TH STREET-LENOX AVENUE,51488.0,4660.0,670.0,834.0,7.0,17372.0,12580.0,0.0,0.0,0.0,48.0,129.0,43.0,5.0,2908.0,366.0,554.0,0.0,430.0,1.0,0.0,0.0
135TH STREET-LENOX AVENUE,53360.0,5086.0,618.0,899.0,13.0,17149.0,14663.0,0.0,0.0,0.0,64.0,93.0,42.0,41.0,7733.0,442.0,387.0,0.0,345.0,0.0,0.0,0.0
103RD ST-ROOSEVELT AVE,115851.0,3188.0,277.0,289.0,5.0,79586.0,14261.0,0.0,0.0,0.0,32.0,180.0,82.0,12.0,1343.0,2351.0,1237.0,0.0,433.0,0.0,0.0,0.0
STERLING ST-NOSTRAND AVE,25326.0,2382.0,185.0,194.0,0.0,6234.0,4822.0,0.0,0.0,0.0,5.0,145.0,8.0,0.0,1162.0,146.0,222.0,0.0,141.0,0.0,0.0,0.0
BEVERLY RD-NOSTRAND AVE,22363.0,1482.0,179.0,211.0,1.0,5816.0,4320.0,0.0,0.0,0.0,1.0,110.0,4.0,0.0,1005.0,167.0,150.0,0.0,100.0,0.0,0.0,0.0
KINGS HIGHWAY-EAST 16TH ST,107480.0,10799.0,318.0,1167.0,8.0,17995.0,24333.0,0.0,0.0,0.0,69.0,846.0,102.0,12.0,2241.0,1560.0,466.0,0.0,350.0,0.0,0.0,0.0
59TH STREET-4TH AVENUE,64763.0,3614.0,172.0,525.0,22.0,16847.0,14884.0,0.0,0.0,0.0,25.0,234.0,34.0,10.0,1209.0,285.0,337.0,0.0,232.0,0.0,0.0,0.0
BAY RIDGE AVE-4TH AVENUE,40258.0,2934.0,128.0,371.0,1.0,8364.0,8873.0,0.0,0.0,0.0,30.0,169.0,25.0,6.0,872.0,454.0,304.0,0.0,215.0,0.0,0.0,0.0
77TH STREET-4TH AVENUE,29747.0,2118.0,73.0,269.0,1.0,4842.0,5747.0,0.0,0.0,0.0,32.0,216.0,21.0,1.0,591.0,302.0,289.0,0.0,219.0,0.0,0.0,0.0
86TH STREET-4TH AVENUE,59416.0,4513.0,273.0,512.0,1.0,11795.0,11259.0,0.0,0.0,0.0,105.0,312.0,46.0,1.0,1152.0,736.0,488.0,0.0,218.0,0.0,0.0,0.0
BAY RIDGE - 95TH STREET,30257.0,2683.0,111.0,210.0,0.0,4972.0,6640.0,0.0,0.0,0.0,24.0,173.0,25.0,23.0,763.0,638.0,223.0,0.0,139.0,0.0,0.0,0.0
HOYT ST-SCHERMERHORN ST,49247.0,2272.0,236.0,220.0,2.0,11221.0,8389.0,0.0,0.0,0.0,6.0,188.0,8.0,1.0,1433.0,488.0,411.0,0.0,551.0,0.0,0.0,0.0
ELMHURST AVE-BROADWAY,64575.0,5809.0,349.0,613.0,0.0,18587.0,22294.0,0.0,0.0,0.0,15.0,272.0,111.0,2.0,1834.0,331.0,374.0,0.0,465.0,0.0,0.0,0.0
67TH AVENUE-QUEENS BLVD,37049.0,4223.0,159.0,536.0,8.0,5345.0,9521.0,0.0,0.0,0.0,8.0,327.0,102.0,0.0,1115.0,565.0,450.0,0.0,272.0,0.0,0.0,0.0
CARROLL ST-PRESIDENT ST,40590.0,2269.0,98.0,353.0,1.0,8341.0,7636.0,0.0,0.0,0.0,3.0,221.0,22.0,1.0,991.0,588.0,570.0,0.0,388.0,0.0,0.0,0.0
167TH STREET-RIVER AVENUE,46846.0,2104.0,213.0,335.0,1.0,21233.0,10194.0,0.0,0.0,0.0,7.0,144.0,17.0,0.0,2127.0,144.0,182.0,0.0,134.0,1.0,0.0,0.0
177TH STREET-PARKCHESTER,81491.0,6085.0,315.0,624.0,2.0,23672.0,17894.0,0.0,0.0,0.0,110.0,261.0,60.0,1.0,3112.0,331.0,354.0,0.0,353.0,0.0,0.0,0.0
46TH ST-BLISS ST,63459.0,4447.0,219.0,489.0,7.0,18464.0,16157.0,0.0,0.0,0.0,38.0,305.0,32.0,1.0,1698.0,434.0,499.0,0.0,586.0,0.0,0.0,0.0
CLARK STREET-HENRY STREET,17562.0,1767.0,87.0,171.0,9.0,3523.0,2911.0,0.0,0.0,0.0,14.0,115.0,1.0,2.0,340.0,293.0,219.0,0.0,277.0,0.0,0.0,0.0
HOYT STREET-HOYT STREET,17909.0,1598.0,140.0,193.0,12.0,4831.0,4120.0,0.0,0.0,0.0,5.0,54.0,4.0,18.0,1095.0,126.0,112.0,0.0,150.0,0.0,0.0,0.0
GUN HILL ROAD-SEYMOUR,23152.0,1604.0,161.0,141.0,0.0,6077.0,3888.0,0.0,0.0,0.0,23.0,83.0,38.0,0.0,1224.0,130.0,118.0,0.0,69.0,0.0,0.0,0.0
RECTOR STREET-CHURCH STREET,15353.0,941.0,17.0,178.0,11.0,3107.0,3866.0,0.0,0.0,0.0,716.0,151.0,5.0,4.0,446.0,315.0,138.0,0.0,140.0,0.0,0.0,0.0
AVENUE J-EAST 16TH STREET,29322.0,2878.0,104.0,445.0,0.0,6516.0,7785.0,0.0,0.0,0.0,2.0,233.0,42.0,0.0,747.0,350.0,183.0,0.0,130.0,0.0,0.0,0.0
AVENUE M-EAST 16TH STREET,29628.0,2648.0,74.0,417.0,0.0,5741.0,7189.0,0.0,0.0,0.0,36.0,120.0,30.0,0.0,440.0,538.0,128.0,0.0,140.0,0.0,0.0,0.0
NECK ROAD-EAST 16TH STREET,23085.0,2219.0,42.0,311.0,0.0,3085.0,6998.0,0.0,0.0,0.0,2.0,212.0,40.0,3.0,496.0,318.0,205.0,0.0,71.0,0.0,0.0,0.0
UNION STREET-4TH AVENUE,28204.0,1460.0,142.0,109.0,0.0,6085.0,4919.0,0.0,0.0,0.0,45.0,185.0,26.0,3.0,678.0,451.0,348.0,0.0,260.0,0.0,0.0,0.0
45TH STREET-4TH AVENUE,47695.0,2177.0,104.0,259.0,0.0,11865.0,7432.0,0.0,0.0,0.0,9.0,68.0,32.0,2.0,677.0,293.0,243.0,0.0,161.0,0.0,0.0,0.0
53RD STREET-4TH AVENUE,62758.0,3315.0,136.0,235.0,1.0,15239.0,11845.0,0.0,0.0,0.0,24.0,196.0,25.0,1.0,1166.0,248.0,341.0,0.0,278.0,0.0,0.0,0.0
50TH STREET-NEW UTRECHT AVE,24686.0,1981.0,203.0,221.0,1.0,4794.0,4142.0,0.0,0.0,0.0,7.0,70.0,11.0,0.0,181.0,238.0,174.0,0.0,79.0,0.0,0.0,0.0
BEDFORD AVE-NORTH 7TH ST,122614.0,2856.0,131.0,345.0,26.0,22187.0,18361.0,0.0,0.0,0.0,106.0,580.0,17.0,41.0,2571.0,1883.0,1046.0,0.0,1759.0,0.0,0.0,0.0
DEKALB AVE-WYCKOFF AVE,70379.0,2257.0,83.0,414.0,4.0,16698.0,13193.0,0.0,0.0,0.0,26.0,315.0,31.0,0.0,1945.0,475.0,439.0,0.0,615.0,1.0,1.0,0.0
182ND STREET-183RD STREET,24910.0,1229.0,66.0,191.0,9.0,10861.0,4889.0,0.0,0.0,0.0,4.0,40.0,7.0,0.0,612.0,93.0,104.0,0.0,119.0,0.0,0.0,0.0
STEINWAY ST-BROADWAY,64711.0,4189.0,182.0,434.0,4.0,17335.0,15526.0,0.0,0.0,0.0,25.0,263.0,41.0,34.0,1427.0,536.0,636.0,0.0,601.0,0.0,0.0,0.0
GREENPOINT AVE,50937.0,3047.0,157.0,396.0,25.0,12053.0,9759.0,0.0,0.0,0.0,49.0,188.0,15.0,17.0,966.0,501.0,293.0,0.0,523.0,0.0,0.0,0.0
GRAND ST-CHRISTIE ST,95871.0,19377.0,352.0,2501.0,22.0,13624.0,41416.0,0.0,0.0,0.0,52.0,483.0,371.0,103.0,1746.0,891.0,509.0,0.0,940.0,0.0,0.0,0.0
15TH ST-PROSPECT PARK WEST,22403.0,1772.0,41.0,159.0,0.0,3518.0,3937.0,0.0,0.0,0.0,17.0,128.0,13.0,4.0,421.0,402.0,350.0,0.0,187.0,0.0,0.0,0.0
18TH AVE-MCDONALD AVE,16416.0,1358.0,64.0,145.0,0.0,3108.0,2718.0,0.0,0.0,0.0,1.0,66.0,49.0,0.0,206.0,141.0,73.0,0.0,47.0,0.0,0.0,0.0
170TH STREET-JEROME AVENUE,37224.0,2106.0,216.0,287.0,1.0,16328.0,8299.0,0.0,0.0,0.0,5.0,102.0,146.0,4.0,1322.0,207.0,193.0,2.0,146.0,0.0,3.0,0.0
BURNSIDE AVE-JEROME AVE,41772.0,2728.0,164.0,298.0,0.0,17551.0,8051.0,0.0,0.0,0.0,22.0,38.0,62.0,0.0,1535.0,96.0,240.0,0.0,125.0,0.0,5.0,0.0
ST LAWRENCE AVE-WEST AVE,22487.0,1030.0,22.0,68.0,0.0,8535.0,3909.0,0.0,0.0,0.0,8.0,88.0,6.0,0.0,425.0,46.0,33.0,0.0,24.0,0.0,0.0,0.0
PROSPECT AVENUE-4TH AVENUE,25071.0,1094.0,142.0,70.0,3.0,6072.0,5383.0,0.0,0.0,0.0,29.0,169.0,8.0,0.0,480.0,322.0,247.0,0.0,223.0,0.0,0.0,0.0
55TH ST-NEW UTRECHT AVE,15057.0,1531.0,52.0,201.0,0.0,3221.0,2173.0,0.0,0.0,0.0,3.0,54.0,2.0,19.0,64.0,173.0,15.0,0.0,33.0,0.0,0.0,0.0
1ST AVENUE-14TH STREET,96369.0,4758.0,215.0,568.0,29.0,16892.0,18084.0,0.0,0.0,0.0,62.0,588.0,37.0,19.0,3719.0,1338.0,901.0,0.0,1232.0,0.0,0.0,0.0
GRAHAM AVE-METROPOLITAN AVE,41412.0,1397.0,115.0,136.0,3.0,8121.0,7627.0,0.0,0.0,0.0,26.0,156.0,7.0,0.0,905.0,483.0,347.0,0.0,429.0,0.0,0.0,0.0
GRAND ST-BUSHWICK AVE,34820.0,1875.0,78.0,187.0,4.0,7763.0,6499.0,0.0,0.0,0.0,12.0,74.0,2.0,17.0,638.0,284.0,204.0,0.0,260.0,0.0,0.0,0.0
96TH ST-CENTRAL PARK WEST,37938.0,4136.0,197.0,396.0,11.0,8103.0,9615.0,0.0,0.0,0.0,42.0,230.0,19.0,35.0,1644.0,976.0,573.0,0.0,406.0,0.0,0.0,0.0
HIGH ST-CADMAN PLAZA WEST,28642.0,1568.0,42.0,158.0,10.0,6023.0,4886.0,0.0,0.0,0.0,20.0,201.0,12.0,12.0,567.0,519.0,263.0,0.0,396.0,0.0,0.0,0.0
174TH-175TH ST-GRAND CONCOU,25826.0,1419.0,120.0,186.0,3.0,11180.0,7043.0,0.0,0.0,0.0,5.0,150.0,0.0,0.0,675.0,130.0,161.0,0.0,158.0,0.0,0.0,0.0
GRAND AVE-QUEENS BOULEVARD,88746.0,5652.0,241.0,764.0,2.0,20461.0,23651.0,0.0,0.0,0.0,6.0,633.0,143.0,3.0,2234.0,734.0,820.0,0.0,612.0,0.0,0.0,0.0
VAN WYCK BLVD-MAIN STREET,23630.0,1813.0,101.0,119.0,10.0,4644.0,6065.0,0.0,0.0,0.0,12.0,118.0,55.0,2.0,495.0,239.0,94.0,0.0,192.0,0.0,0.0,0.0
NASSAU AVE-MANHATTAN AVE,44902.0,2601.0,107.0,321.0,2.0,9639.0,8541.0,0.0,0.0,0.0,16.0,181.0,5.0,0.0,849.0,540.0,336.0,0.0,517.0,0.0,0.0,0.0
EAST BROADWAY-MADISON ST,53899.0,6252.0,223.0,677.0,15.0,10535.0,15155.0,0.0,0.0,0.0,41.0,270.0,139.0,23.0,3383.0,716.0,380.0,0.0,439.0,0.0,0.0,0.0
4TH AVENUE-9TH STREET,54606.0,3257.0,181.0,323.0,0.0,11712.0,10699.0,0.0,0.0,0.0,28.0,294.0,24.0,0.0,1385.0,748.0,441.0,0.0,577.0,0.0,0.0,0.0
ROOSEVELT ISLAND,34320.0,3352.0,346.0,433.0,10.0,6715.0,10630.0,0.0,0.0,0.0,55.0,102.0,18.0,19.0,2765.0,524.0,426.0,0.0,480.0,0.0,0.0,0.0
181ST STREET-ST NICHOLAS AV,64726.0,5347.0,376.0,422.0,20.0,22704.0,13524.0,0.0,0.0,0.0,14.0,128.0,56.0,16.0,1932.0,312.0,438.0,0.0,452.0,0.0,0.0,0.0
40TH STREET-LOWERY STREET,42943.0,2954.0,106.0,471.0,8.0,10316.0,9759.0,0.0,0.0,0.0,17.0,218.0,35.0,7.0,1105.0,435.0,299.0,0.0,437.0,0.0,0.0,0.0
BEVERLEY ROAD -EAST 15TH ST,18697.0,1091.0,78.0,175.0,1.0,4528.0,3707.0,0.0,0.0,0.0,18.0,103.0,18.0,0.0,665.0,142.0,138.0,0.0,170.0,0.0,0.0,0.0
AVENUE H-EAST 16TH STREET,13680.0,1392.0,88.0,206.0,4.0,3413.0,3958.0,0.0,0.0,0.0,2.0,81.0,26.0,1.0,362.0,151.0,66.0,0.0,63.0,0.0,0.0,0.0
OCEAN PKWAY-BRIGHTON BCH AV,23637.0,3117.0,129.0,280.0,7.0,3215.0,4702.0,0.0,0.0,0.0,5.0,59.0,27.0,1.0,315.0,272.0,88.0,0.0,129.0,0.0,0.0,0.0
MONTROSE AVENUE,33563.0,1351.0,65.0,246.0,1.0,7468.0,7402.0,0.0,0.0,0.0,2.0,112.0,10.0,1.0,906.0,269.0,309.0,0.0,494.0,0.0,0.0,0.0
HALSEY STREET-WYCKOFF AVE,45013.0,1330.0,83.0,224.0,8.0,11371.0,9177.0,0.0,0.0,0.0,4.0,139.0,18.0,16.0,1009.0,327.0,324.0,0.0,289.0,0.0,0.0,0.0
46TH STREET-BROADWAY,37418.0,2804.0,131.0,284.0,4.0,9735.0,9637.0,0.0,0.0,0.0,7.0,156.0,23.0,9.0,1177.0,487.0,374.0,0.0,409.0,0.0,0.0,0.0
METROPOLITAN AVE-LORIMER ST,70889.0,1982.0,107.0,204.0,2.0,14278.0,11998.0,0.0,0.0,0.0,18.0,336.0,6.0,7.0,1483.0,783.0,671.0,0.0,1009.0,0.0,0.0,0.0
BEDFORD AVENUE-NOSTRAND AVE,37992.0,1373.0,97.0,256.0,1.0,9537.0,6344.0,0.0,0.0,0.0,10.0,122.0,20.0,1.0,1116.0,350.0,507.0,0.0,494.0,0.0,0.0,0.0
SMITH STREET-9TH STREET,22480.0,1216.0,87.0,231.0,2.0,6663.0,3921.0,0.0,0.0,0.0,27.0,74.0,6.0,0.0,426.0,220.0,122.0,0.0,191.0,0.0,0.0,0.0
AVENUE X-MCDONALD AVENUE,11997.0,1058.0,53.0,173.0,0.0,2132.0,2471.0,0.0,0.0,0.0,1.0,67.0,0.0,0.0,342.0,146.0,86.0,0.0,56.0,0.0,0.0,0.0
28TH STREET-7TH AVENUE,29396.0,3012.0,216.0,392.0,21.0,9010.0,10207.0,0.0,0.0,0.0,112.0,301.0,32.0,112.0,944.0,445.0,485.0,0.0,271.0,0.0,0.0,0.0
145TH STREET-BROADWAY,43973.0,3200.0,362.0,461.0,8.0,17488.0,9237.0,0.0,0.0,0.0,7.0,112.0,18.0,1.0,1422.0,285.0,493.0,0.0,381.0,0.0,0.0,0.0
191ST STREET-ST NICHOLAS AV,7805.0,621.0,108.0,90.0,0.0,2120.0,1615.0,0.0,0.0,0.0,1.0,40.0,4.0,0.0,285.0,86.0,109.0,0.0,81.0,0.0,0.0,0.0
183RD STREET-JEROME AVENUE,30251.0,1585.0,139.0,254.0,0.0,14153.0,5987.0,0.0,0.0,0.0,53.0,94.0,24.0,1.0,916.0,228.0,109.0,0.0,167.0,0.0,2.0,0.0
JACKSON AVENUE-VERNON BLVD,64164.0,2981.0,137.0,447.0,40.0,13826.0,15133.0,0.0,0.0,0.0,116.0,490.0,45.0,60.0,1753.0,1309.0,885.0,0.0,633.0,0.0,0.0,0.0
PRESIDENT ST-NOSTRAND AVE,12987.0,913.0,109.0,102.0,0.0,3293.0,3115.0,0.0,0.0,0.0,2.0,28.0,2.0,2.0,418.0,90.0,131.0,0.0,71.0,0.0,0.0,0.0
25TH STREET-4TH AVENUE,20206.0,1163.0,111.0,171.0,0.0,5983.0,3967.0,0.0,0.0,0.0,7.0,37.0,10.0,0.0,278.0,260.0,144.0,0.0,120.0,0.0,0.0,0.0
JEFFERSON STREET-WYCKOFF AV,41582.0,871.0,43.0,128.0,1.0,9935.0,6448.0,0.0,0.0,0.0,34.0,171.0,2.0,1.0,630.0,231.0,277.0,0.0,459.0,0.0,0.0,0.0
190TH STREET-OVERLOOK TERR,17719.0,2113.0,168.0,300.0,1.0,4114.0,4780.0,0.0,0.0,0.0,10.0,118.0,20.0,0.0,575.0,281.0,341.0,0.0,206.0,0.0,0.0,0.0
72ND STREET-CENTRAL PK WEST,28111.0,2519.0,140.0,214.0,7.0,6048.0,5827.0,0.0,0.0,0.0,24.0,227.0,9.0,15.0,725.0,528.0,368.0,0.0,333.0,0.0,0.0,0.0
SPRING STREET-6TH AVENUE,36186.0,1926.0,147.0,269.0,6.0,9743.0,8542.0,0.0,0.0,0.0,55.0,173.0,6.0,43.0,1135.0,661.0,433.0,0.0,414.0,0.0,0.0,0.0
LAFAYETTE AVENUE-FULTON ST,18703.0,911.0,182.0,105.0,3.0,4809.0,3455.0,0.0,0.0,0.0,27.0,91.0,22.0,0.0,612.0,131.0,162.0,0.0,287.0,0.0,0.0,0.0
CLINTON AVENUE-FULTON ST,18981.0,899.0,117.0,72.0,3.0,4170.0,3878.0,0.0,0.0,0.0,7.0,124.0,6.0,1.0,511.0,295.0,257.0,0.0,364.0,0.0,0.0,0.0
MOTT AVENUE-BEACH 22ND ST,31520.0,1991.0,288.0,194.0,1.0,7346.0,3977.0,0.0,0.0,0.0,12.0,74.0,20.0,0.0,334.0,97.0,73.0,0.0,306.0,0.0,0.0,0.0
MYRTLE AVENUE-MARCY AVENUE,31767.0,883.0,70.0,43.0,1.0,7558.0,5101.0,0.0,0.0,0.0,9.0,102.0,5.0,1.0,781.0,119.0,276.0,0.0,350.0,0.0,0.0,0.0
CLASSON AVENUE-LAFAYETTE AV,22933.0,699.0,27.0,60.0,20.0,5846.0,4316.0,0.0,0.0,0.0,8.0,91.0,0.0,1.0,591.0,150.0,120.0,0.0,256.0,0.0,0.0,0.0
7TH AVENUE-9TH STREET,43188.0,3083.0,127.0,322.0,0.0,6040.0,8931.0,0.0,0.0,0.0,31.0,296.0,31.0,4.0,1705.0,1122.0,528.0,0.0,592.0,0.0,0.0,0.0
FT HAMILTON PKY-GREENWOOD,21013.0,1987.0,80.0,233.0,0.0,3044.0,3880.0,0.0,0.0,0.0,6.0,193.0,17.0,2.0,533.0,380.0,161.0,0.0,230.0,0.0,0.0,0.0
HOUSTON STREET-VARICK ST,35549.0,2147.0,169.0,320.0,103.0,8697.0,7124.0,0.0,0.0,0.0,178.0,168.0,5.0,50.0,917.0,468.0,413.0,0.0,271.0,0.0,0.0,0.0
33RD STREET-QUEENS BLVD,25480.0,1388.0,29.0,210.0,8.0,6775.0,5925.0,0.0,0.0,0.0,92.0,221.0,22.0,1.0,1632.0,176.0,337.0,0.0,156.0,0.0,0.0,0.0
BAYCHESTER AVE-TILLOTSON,16776.0,916.0,32.0,120.0,8.0,4518.0,2645.0,0.0,0.0,0.0,5.0,28.0,10.0,1.0,639.0,59.0,57.0,0.0,39.0,0.0,0.0,0.0
34TH STREET - PENN STATION,152739.0,10068.0,707.0,1127.0,904.0,22209.0,23537.0,0.0,0.0,0.0,209.0,802.0,102.0,1646.0,3966.0,3213.0,1073.0,0.0,1421.0,0.0,0.0,0.0
MORGAN AVENUE-HARRISON PL,39486.0,672.0,16.0,202.0,6.0,8110.0,7042.0,0.0,0.0,0.0,21.0,155.0,6.0,0.0,662.0,347.0,317.0,0.0,462.0,0.0,0.0,0.0
WILSON AVENUE-MOFFAT STREET,24541.0,578.0,36.0,71.0,2.0,7832.0,4793.0,0.0,0.0,0.0,3.0,45.0,17.0,0.0,534.0,65.0,248.0,0.0,252.0,0.0,0.0,0.0
163RD ST & AMSTERDAM AVE,18863.0,1320.0,96.0,170.0,1.0,6911.0,3601.0,0.0,0.0,0.0,35.0,37.0,8.0,0.0,532.0,78.0,108.0,0.0,135.0,0.0,0.0,0.0
FRANKLIN AVENUE-FULTON ST,22729.0,1491.0,239.0,334.0,0.0,7597.0,5021.0,0.0,0.0,0.0,7.0,45.0,14.0,0.0,736.0,182.0,181.0,0.0,264.0,0.0,0.0,0.0
NORTHERN BLVD-BROADWAY,36340.0,2853.0,166.0,335.0,3.0,9251.0,9305.0,0.0,0.0,0.0,4.0,358.0,26.0,1.0,788.0,364.0,265.0,0.0,260.0,0.0,0.0,0.0
BROADWAY - UNION AVENUE,27620.0,1310.0,55.0,259.0,3.0,8595.0,6278.0,0.0,0.0,0.0,2.0,59.0,33.0,1.0,624.0,133.0,152.0,0.0,311.0,0.0,0.0,0.0
2ND AVENUE-HOUSTON STREET,58976.0,3680.0,298.0,430.0,6.0,13253.0,11667.0,0.0,0.0,0.0,26.0,272.0,53.0,12.0,1439.0,854.0,487.0,0.0,674.0,0.0,0.0,0.0
YORK STREET-JAY STREET,40659.0,1600.0,147.0,181.0,8.0,10333.0,7682.0,0.0,0.0,0.0,27.0,201.0,22.0,20.0,572.0,575.0,455.0,0.0,467.0,0.0,0.0,0.0
57TH STREET-6TH AVENUE,43890.0,3032.0,123.0,278.0,11.0,9575.0,9243.0,0.0,0.0,0.0,112.0,322.0,11.0,5.0,1418.0,871.0,424.0,0.0,474.0,0.0,0.0,0.0
21ST STREET-QUEENSBRIDGE,45917.0,3831.0,309.0,689.0,22.0,12899.0,10209.0,0.0,0.0,0.0,43.0,118.0,39.0,1.0,1078.0,280.0,255.0,0.0,333.0,0.0,0.0,0.0
RECTOR STREET-GREENWICH ST,14154.0,1150.0,21.0,102.0,77.0,2992.0,3400.0,0.0,0.0,0.0,282.0,172.0,6.0,103.0,385.0,316.0,204.0,0.0,128.0,0.0,0.0,0.0
WTC-CORTLANDT ST,27627.0,1091.0,74.0,207.0,36.0,4002.0,3833.0,0.0,0.0,0.0,15.0,139.0,5.0,43.0,464.0,500.0,233.0,0.0,161.0,0.0,0.0,0.0
238TH STREET-BROADWAY,20749.0,1409.0,112.0,94.0,3.0,5598.0,4844.0,0.0,0.0,0.0,9.0,95.0,14.0,0.0,594.0,325.0,175.0,0.0,98.0,0.0,0.0,0.0
138TH ST-GRAND CONCOURSE,12774.0,538.0,34.0,67.0,4.0,4397.0,2192.0,0.0,0.0,0.0,12.0,14.0,2.0,0.0,434.0,94.0,167.0,0.0,91.0,0.0,0.0,0.0
MT EDEN AVENUE-JEROME AVE,26746.0,1580.0,146.0,384.0,9.0,10866.0,5806.0,0.0,0.0,0.0,8.0,52.0,6.0,0.0,987.0,78.0,200.0,0.0,140.0,0.0,0.0,0.0
176TH STREET-JEROME AVENUE,26290.0,1238.0,226.0,158.0,0.0,12841.0,6260.0,0.0,0.0,0.0,5.0,31.0,26.0,0.0,958.0,67.0,127.0,0.0,124.0,0.0,0.0,0.0
111TH STREET-ROOSEVELT AVE,85045.0,1392.0,44.0,245.0,1.0,32137.0,10412.0,0.0,0.0,0.0,1.0,186.0,13.0,0.0,647.0,147.0,109.0,0.0,223.0,0.0,0.0,0.0
BOWERY STREET-DELANCEY ST,14252.0,1389.0,27.0,127.0,0.0,3600.0,3879.0,0.0,0.0,0.0,7.0,48.0,24.0,3.0,294.0,137.0,128.0,0.0,166.0,0.0,0.0,0.0
WEST 6TH STREET-SURF AVENUE,16779.0,1964.0,25.0,224.0,1.0,2018.0,2898.0,0.0,0.0,0.0,3.0,80.0,10.0,0.0,250.0,238.0,145.0,0.0,182.0,0.0,0.0,0.0
BUSHWICK AVENUE-ABERDEEN ST,12383.0,414.0,51.0,60.0,1.0,4332.0,2602.0,0.0,0.0,0.0,0.0,21.0,0.0,0.0,314.0,76.0,75.0,0.0,171.0,0.0,0.0,0.0
103RD ST-CENTRAL PARK WEST,17719.0,1854.0,65.0,207.0,1.0,4572.0,3895.0,0.0,0.0,0.0,4.0,74.0,3.0,8.0,612.0,243.0,126.0,0.0,194.0,0.0,0.0,0.0
155TH STREET-8TH AVENUE,15508.0,1544.0,55.0,130.0,0.0,5999.0,3553.0,0.0,0.0,0.0,3.0,71.0,10.0,0.0,478.0,62.0,34.0,0.0,88.0,0.0,0.0,0.0
FLUSHING AVENUE-MARCY AVE,17039.0,518.0,15.0,122.0,0.0,5400.0,2918.0,0.0,0.0,0.0,4.0,40.0,0.0,0.0,564.0,95.0,38.0,0.0,100.0,0.0,0.0,0.0
LAFAYETTE AV-WASHINGTON AV,17638.0,686.0,52.0,37.0,0.0,4659.0,3083.0,0.0,0.0,0.0,14.0,85.0,0.0,11.0,497.0,302.0,173.0,0.0,218.0,0.0,0.0,0.0
FULTON STREET-LAFAYETTE AV,22458.0,894.0,71.0,99.0,3.0,7946.0,5990.0,0.0,0.0,0.0,6.0,74.0,5.0,0.0,682.0,298.0,319.0,0.0,334.0,0.0,0.0,0.0
63RD STREET-LEXINGTON AVE,73593.0,5710.0,304.0,621.0,69.0,18184.0,20564.0,0.0,0.0,0.0,82.0,642.0,46.0,74.0,2365.0,1522.0,779.0,0.0,660.0,0.0,0.0,0.0
CANAL STREET-VARICK STREET,13105.0,660.0,41.0,90.0,1.0,3759.0,2883.0,0.0,0.0,0.0,49.0,100.0,3.0,10.0,213.0,229.0,156.0,0.0,162.0,0.0,0.0,0.0
18TH STREET-7TH AVENUE,18848.0,2130.0,57.0,157.0,13.0,4878.0,4186.0,0.0,0.0,0.0,69.0,170.0,10.0,13.0,560.0,297.0,296.0,0.0,200.0,0.0,0.0,0.0
SPRING STREET-LAFAYETTE ST,25931.0,1619.0,45.0,172.0,6.0,7314.0,6224.0,0.0,0.0,0.0,60.0,116.0,11.0,5.0,735.0,402.0,221.0,0.0,218.0,0.0,0.0,0.0
111TH STREET-LENOX AVENUE,30544.0,2514.0,205.0,333.0,6.0,10092.0,8444.0,0.0,0.0,0.0,38.0,119.0,12.0,35.0,1349.0,319.0,353.0,0.0,316.0,0.0,0.0,0.0
116TH STREET-LENOX AVENUE,38484.0,3421.0,327.0,802.0,1.0,12762.0,10665.0,0.0,0.0,0.0,42.0,212.0,30.0,1.0,2009.0,422.0,523.0,0.0,298.0,0.0,0.0,0.0
WHITLOCK AVE-WESTCHESTER AV,10880.0,527.0,102.0,86.0,0.0,4345.0,2339.0,0.0,0.0,0.0,2.0,9.0,0.0,0.0,284.0,39.0,34.0,0.0,47.0,0.0,0.0,0.0
ZEREGA AVE-WESTCHESTER AVE,13346.0,700.0,22.0,81.0,0.0,3860.0,2163.0,0.0,0.0,0.0,8.0,90.0,2.0,0.0,439.0,117.0,20.0,0.0,9.0,0.0,0.0,0.0
52ND STREET-ROOSEVELT AVE,32400.0,2456.0,53.0,188.0,4.0,10332.0,7975.0,0.0,0.0,0.0,2.0,156.0,17.0,12.0,700.0,206.0,208.0,0.0,172.0,0.0,0.0,0.0
WILLETS PT BLVD-ROOSEVELT,17924.0,787.0,31.0,106.0,15.0,5295.0,1981.0,0.0,0.0,0.0,10.0,45.0,7.0,4.0,280.0,200.0,111.0,0.0,87.0,0.0,0.0,0.0
MORRIS PARK-PAULDING AVENUE,12762.0,481.0,5.0,25.0,0.0,2624.0,2696.0,0.0,0.0,0.0,9.0,107.0,11.0,0.0,562.0,76.0,62.0,0.0,64.0,0.0,0.0,0.0
3RD AVENUE-14TH STREET,29716.0,1516.0,132.0,240.0,17.0,5575.0,6216.0,0.0,0.0,0.0,25.0,178.0,25.0,7.0,1490.0,422.0,283.0,0.0,329.0,0.0,1.0,0.0
155TH STREET-ST NICHOLAS AV,9960.0,1007.0,70.0,94.0,0.0,3423.0,2418.0,0.0,0.0,0.0,4.0,11.0,8.0,0.0,420.0,38.0,145.0,0.0,108.0,0.0,0.0,0.0
135TH STREET-ST NICHOLAS AV,17673.0,1304.0,88.0,235.0,4.0,5125.0,5025.0,0.0,0.0,0.0,19.0,62.0,12.0,0.0,1011.0,196.0,225.0,0.0,195.0,0.0,0.0,0.0
116TH STREET-8TH AVENUE,24949.0,1630.0,226.0,337.0,6.0,7902.0,6221.0,0.0,0.0,0.0,36.0,102.0,10.0,0.0,1375.0,339.0,424.0,0.0,338.0,0.0,0.0,0.0
110TH STREET-8TH AVENUE,28257.0,2290.0,125.0,271.0,0.0,7598.0,6989.0,0.0,0.0,0.0,30.0,128.0,24.0,5.0,941.0,434.0,519.0,0.0,293.0,0.0,0.0,0.0
GASTON AVENUE-BEACH 67TH ST,22956.0,1270.0,175.0,111.0,3.0,3854.0,2772.0,0.0,0.0,0.0,7.0,98.0,6.0,0.0,435.0,263.0,179.0,0.0,446.0,0.0,0.0,0.0
STRAITON AVE-BEACH 60TH ST,14088.0,939.0,158.0,15.0,0.0,3409.0,1806.0,0.0,0.0,0.0,0.0,19.0,7.0,0.0,552.0,35.0,47.0,0.0,167.0,0.0,0.0,0.0
FRANK AVENUE-BEACH 44TH ST,5169.0,210.0,31.0,34.0,0.0,1124.0,582.0,0.0,0.0,0.0,0.0,5.0,2.0,0.0,95.0,22.0,29.0,0.0,55.0,0.0,0.0,0.0
EDGEMERE-BEACH 36TH STREET,6668.0,591.0,76.0,41.0,0.0,1510.0,853.0,0.0,0.0,0.0,8.0,3.0,7.0,0.0,195.0,32.0,57.0,0.0,80.0,0.0,0.0,0.0
36TH STREET-NORTHERN BLVD,14182.0,1060.0,76.0,257.0,2.0,3809.0,3737.0,0.0,0.0,0.0,2.0,101.0,25.0,2.0,304.0,122.0,250.0,0.0,124.0,0.0,0.0,0.0
65TH STREET-BROADWAY,18158.0,1051.0,66.0,99.0,1.0,5547.0,4241.0,0.0,0.0,0.0,1.0,27.0,8.0,0.0,374.0,89.0,89.0,0.0,114.0,0.0,0.0,0.0
75TH AVENUE-QUEENS BLVD,13445.0,1730.0,70.0,105.0,1.0,2243.0,3403.0,0.0,0.0,0.0,3.0,113.0,15.0,0.0,358.0,216.0,186.0,0.0,148.0,0.0,0.0,0.0
VAN WYCK BLVD-METROPOLITAN,29367.0,1470.0,64.0,143.0,4.0,6197.0,5164.0,0.0,0.0,0.0,1.0,70.0,56.0,48.0,463.0,232.0,104.0,0.0,211.0,0.0,0.0,0.0
FRANKLIN STREET-WEST BWAY,11626.0,1101.0,37.0,97.0,19.0,2776.0,2683.0,0.0,0.0,0.0,32.0,48.0,12.0,28.0,203.0,283.0,195.0,0.0,97.0,0.0,0.0,0.0
145TH STREET-LENOX AVENUE,12662.0,1157.0,143.0,123.0,0.0,3784.0,3219.0,0.0,0.0,0.0,9.0,22.0,5.0,2.0,668.0,60.0,64.0,0.0,69.0,0.0,0.0,0.0
148TH STREET-LENOX AVENUE,13471.0,1366.0,132.0,127.0,0.0,4561.0,3623.0,0.0,0.0,0.0,2.0,57.0,22.0,0.0,725.0,112.0,106.0,0.0,51.0,0.0,0.0,0.0
COURT SQ,21414.0,914.0,124.0,176.0,4.0,7094.0,4680.0,0.0,0.0,0.0,20.0,94.0,7.0,1.0,452.0,205.0,127.0,0.0,110.0,0.0,0.0,0.0
69TH STREET-ROOSEVELT AVE,30611.0,1903.0,108.0,163.0,3.0,10003.0,5963.0,0.0,0.0,0.0,8.0,75.0,52.0,0.0,542.0,130.0,207.0,0.0,186.0,0.0,0.0,0.0
ATLANTIC AV-VAN SINDEREN AV,9097.0,240.0,16.0,79.0,2.0,2457.0,1323.0,0.0,0.0,0.0,1.0,19.0,2.0,40.0,222.0,76.0,59.0,0.0,75.0,0.0,1.0,0.0
SUTTER AVE-VAN SINDEREN AVE,16811.0,834.0,96.0,106.0,0.0,6820.0,3375.0,0.0,0.0,0.0,11.0,38.0,17.0,0.0,423.0,20.0,83.0,1.0,54.0,0.0,0.0,0.0
LIVONIA AVE-VAN SINDEREN AV,12459.0,775.0,93.0,198.0,0.0,6477.0,3439.0,0.0,0.0,0.0,6.0,28.0,9.0,11.0,629.0,26.0,16.0,0.0,46.0,0.0,0.0,0.0
HEWES STREET-BROADWAY,18000.0,901.0,80.0,39.0,0.0,4396.0,2973.0,0.0,0.0,0.0,13.0,58.0,9.0,1.0,316.0,129.0,86.0,0.0,255.0,0.0,0.0,0.0
LORIMER STREET-BROADWAY,20564.0,2482.0,91.0,378.0,1.0,6542.0,6932.0,0.0,0.0,0.0,1.0,96.0,74.0,0.0,504.0,220.0,192.0,0.0,214.0,0.0,0.0,0.0
104TH STREET-LIBERTY AVENUE,11908.0,571.0,45.0,61.0,0.0,2532.0,1568.0,0.0,0.0,0.0,7.0,136.0,15.0,0.0,157.0,63.0,168.0,0.0,58.0,0.0,0.0,0.0
109TH STREET-LIBERTY AVENUE,16559.0,839.0,14.0,48.0,1.0,2886.0,2362.0,0.0,0.0,0.0,6.0,131.0,11.0,0.0,232.0,200.0,99.0,0.0,54.0,0.0,0.0,0.0
LEFFERTS BLVD-LIBERTY AVE,50159.0,2577.0,358.0,302.0,4.0,9066.0,7473.0,0.0,0.0,0.0,22.0,438.0,34.0,0.0,800.0,265.0,516.0,0.0,169.0,0.0,0.0,0.0
NORTH CONDUIT AVE-COHANCEY,5027.0,261.0,14.0,30.0,0.0,551.0,312.0,0.0,0.0,0.0,1.0,48.0,0.0,0.0,59.0,31.0,29.0,0.0,90.0,0.0,0.0,0.0
BEACH 25TH STREET-WAVECREST,11454.0,662.0,65.0,62.0,0.0,2584.0,1567.0,0.0,0.0,0.0,10.0,46.0,0.0,0.0,141.0,49.0,71.0,0.0,216.0,0.0,0.0,0.0
COURT SQ-23 ST,51749.0,2756.0,289.0,407.0,5.0,12686.0,13197.0,0.0,0.0,0.0,98.0,379.0,14.0,63.0,1489.0,784.0,764.0,0.0,442.0,0.0,0.0,0.0
21ST STREET-JACKSON AVENUE,8885.0,197.0,2.0,60.0,0.0,2407.0,1935.0,0.0,0.0,0.0,0.0,21.0,4.0,1.0,486.0,99.0,183.0,0.0,84.0,0.0,0.0,0.0
PELHAM PKWY-WHITE PLAINS RD,38078.0,2868.0,232.0,461.0,3.0,11149.0,8005.0,0.0,0.0,0.0,59.0,138.0,16.0,0.0,2193.0,240.0,298.0,0.0,187.0,0.0,0.0,0.0
ALLERTON AV-WHITE PLAINS RD,23944.0,1622.0,106.0,349.0,0.0,8073.0,4557.0,0.0,0.0,0.0,59.0,68.0,18.0,0.0,760.0,105.0,100.0,0.0,106.0,0.0,0.0,0.0
BURKE AVE-WHITE PLAINS ROAD,14986.0,913.0,81.0,97.0,0.0,5006.0,2692.0,0.0,0.0,0.0,50.0,123.0,5.0,0.0,676.0,53.0,20.0,0.0,69.0,0.0,0.0,0.0
GUNHILL RD-WHITE PLAINS RD,27668.0,2224.0,232.0,316.0,0.0,8665.0,5043.0,0.0,0.0,0.0,26.0,63.0,36.0,0.0,1152.0,116.0,166.0,0.0,68.0,0.0,3.0,0.0
219TH ST-WHITE PLAINS ROAD,15096.0,1016.0,118.0,132.0,0.0,4493.0,2576.0,0.0,0.0,0.0,3.0,25.0,3.0,1.0,603.0,35.0,32.0,0.0,48.0,0.0,0.0,0.0
225TH ST-WHITE PLAINS ROAD,16751.0,870.0,86.0,129.0,3.0,5788.0,3104.0,0.0,0.0,0.0,8.0,89.0,5.0,0.0,631.0,91.0,70.0,0.0,28.0,0.0,0.0,0.0
233RD ST-WHITE PLAINS ROAD,25008.0,1985.0,144.0,161.0,3.0,7530.0,4001.0,0.0,0.0,0.0,2.0,135.0,19.0,4.0,878.0,56.0,98.0,0.0,91.0,0.0,0.0,0.0
9TH AVENUE-39TH STREET,36188.0,1880.0,65.0,178.0,5.0,7641.0,8611.0,0.0,0.0,0.0,20.0,78.0,55.0,21.0,197.0,124.0,175.0,0.0,192.0,0.0,0.0,0.0
FORT HAMILTON PKWY-45TH ST,25979.0,1846.0,90.0,239.0,18.0,6102.0,6735.0,0.0,0.0,0.0,18.0,65.0,30.0,23.0,245.0,281.0,121.0,0.0,124.0,0.0,0.0,0.0
71ST STREET-NEW UTRECHT AVE,27695.0,1628.0,86.0,326.0,0.0,6056.0,10019.0,0.0,0.0,0.0,4.0,243.0,35.0,2.0,355.0,162.0,120.0,0.0,85.0,0.0,0.0,0.0
79TH STREET-17TH AVENUE,31046.0,1969.0,100.0,313.0,3.0,5509.0,10333.0,0.0,0.0,0.0,64.0,184.0,76.0,0.0,331.0,184.0,95.0,0.0,107.0,0.0,0.0,0.0
18TH AVENUE-86TH STREET,34705.0,2602.0,78.0,288.0,0.0,6134.0,10036.0,0.0,0.0,0.0,27.0,304.0,43.0,0.0,460.0,267.0,140.0,0.0,143.0,0.0,0.0,0.0
20TH AVENUE-86TH STREET,29818.0,1876.0,28.0,123.0,17.0,5623.0,7122.0,0.0,0.0,0.0,18.0,141.0,16.0,0.0,257.0,189.0,126.0,0.0,117.0,0.0,0.0,0.0
BAY PARKWAY-86TH STREET,43475.0,4339.0,133.0,495.0,0.0,8009.0,12479.0,0.0,0.0,0.0,25.0,181.0,62.0,0.0,371.0,393.0,276.0,0.0,224.0,0.0,0.0,0.0
NEW LOTS AV-VAN SINDEREN AV,24677.0,1441.0,114.0,153.0,2.0,7962.0,4352.0,0.0,0.0,0.0,1.0,51.0,8.0,23.0,1124.0,87.0,75.0,0.0,121.0,0.0,0.0,0.0
EAST 105TH ST-FARRAGUT ROAD,19981.0,945.0,51.0,121.0,0.0,4949.0,3332.0,0.0,0.0,0.0,33.0,84.0,7.0,0.0,721.0,149.0,91.0,0.0,52.0,0.0,0.0,0.0
FLUSHING AVE-BROADWAY,45365.0,3193.0,303.0,382.0,7.0,12518.0,7998.0,0.0,0.0,0.0,27.0,153.0,15.0,0.0,4822.0,437.0,195.0,0.0,342.0,0.0,0.0,0.0
MYRTLE AVENUE-BROADWAY,55386.0,1698.0,92.0,360.0,6.0,14570.0,10198.0,0.0,0.0,0.0,39.0,185.0,35.0,0.0,1373.0,280.0,512.0,0.0,630.0,0.0,1.0,0.0
KOSCIUSZKO STREET-BROADWAY,29537.0,828.0,61.0,130.0,1.0,6775.0,4683.0,0.0,0.0,0.0,6.0,41.0,6.0,0.0,519.0,184.0,162.0,0.0,332.0,0.0,0.0,0.0
GATES AVENUE-BROADWAY,38052.0,1542.0,142.0,179.0,2.0,9436.0,5780.0,0.0,0.0,0.0,6.0,98.0,9.0,0.0,840.0,228.0,206.0,0.0,358.0,0.0,0.0,0.0
HALSEY STREET-BROADWAY,33269.0,1237.0,67.0,191.0,1.0,9536.0,6102.0,0.0,0.0,0.0,0.0,147.0,15.0,0.0,754.0,119.0,294.0,0.0,425.0,0.0,0.0,0.0
GRANT AVENUE-PITKIN AVENUE,34989.0,1682.0,113.0,202.0,0.0,8338.0,5808.0,0.0,0.0,0.0,9.0,155.0,23.0,0.0,898.0,101.0,168.0,0.0,149.0,0.0,0.0,0.0
HUDSON STREET-78TH STREET,24617.0,1087.0,155.0,42.0,0.0,5389.0,4216.0,0.0,0.0,0.0,17.0,107.0,5.0,0.0,392.0,118.0,120.0,0.0,131.0,0.0,0.0,0.0
BOYD STREET-88TH STREET,18286.0,1037.0,77.0,149.0,0.0,3696.0,3246.0,0.0,0.0,0.0,6.0,118.0,13.0,0.0,516.0,144.0,153.0,0.0,74.0,0.0,0.0,0.0
ROCKAWAY BLVD-LIBERTY AVE,46921.0,2348.0,179.0,248.0,0.0,11110.0,7342.0,0.0,0.0,0.0,21.0,208.0,36.0,0.0,924.0,330.0,272.0,0.0,287.0,0.0,0.0,0.0
174TH STREET-SOUTHERN BLVD,26947.0,1876.0,148.0,251.0,2.0,9874.0,6117.0,0.0,0.0,0.0,13.0,161.0,40.0,0.0,1427.0,224.0,123.0,0.0,86.0,1.0,0.0,0.0
EAST TREMONT AVENUE-178 ST,29840.0,1847.0,234.0,269.0,2.0,10010.0,5191.0,0.0,0.0,0.0,8.0,87.0,38.0,0.0,1082.0,151.0,264.0,0.0,133.0,0.0,0.0,0.0
EAST 180TH ST-MORRIS PARK,44129.0,2015.0,166.0,221.0,1.0,15301.0,7559.0,0.0,0.0,0.0,46.0,133.0,23.0,0.0,1265.0,219.0,177.0,0.0,170.0,0.0,0.0,0.0
BRONX PARK EAST,11533.0,522.0,47.0,81.0,0.0,3353.0,2443.0,0.0,0.0,0.0,5.0,31.0,0.0,0.0,495.0,78.0,46.0,0.0,38.0,0.0,0.0,0.0
8TH AVENUE-62ND STREET,49270.0,7560.0,71.0,660.0,1.0,5125.0,19571.0,0.0,0.0,0.0,31.0,211.0,272.0,52.0,608.0,297.0,151.0,0.0,182.0,0.0,0.0,0.0
FORT HAMILTON PARKWAY-62ND,31507.0,2189.0,37.0,185.0,1.0,4502.0,10216.0,0.0,0.0,0.0,13.0,162.0,73.0,0.0,396.0,215.0,135.0,0.0,111.0,0.0,0.0,0.0
18TH AVENUE-62ND STREET,29348.0,2286.0,204.0,326.0,0.0,6357.0,8505.0,0.0,0.0,0.0,5.0,129.0,30.0,0.0,346.0,164.0,73.0,0.0,139.0,0.0,0.0,0.0
20TH AVENUE-62ND STREET,18433.0,1265.0,39.0,120.0,0.0,3194.0,6907.0,0.0,0.0,0.0,0.0,153.0,29.0,0.0,266.0,158.0,47.0,0.0,40.0,0.0,0.0,0.0
BAY PARKWAY-66TH STREET,37506.0,3549.0,58.0,386.0,1.0,7406.0,13559.0,0.0,0.0,0.0,4.0,226.0,75.0,0.0,635.0,567.0,105.0,0.0,207.0,0.0,0.0,0.0
KINGS HIGHWAY-WEST 7TH ST,27888.0,2517.0,109.0,230.0,0.0,5340.0,10464.0,0.0,0.0,0.0,6.0,198.0,56.0,2.0,323.0,298.0,102.0,0.0,141.0,0.0,0.0,0.0
AVENUE U-WEST 7TH STREET,18957.0,1975.0,30.0,173.0,1.0,3022.0,7130.0,0.0,0.0,0.0,6.0,193.0,72.0,0.0,282.0,212.0,153.0,0.0,50.0,0.0,0.0,0.0
86TH STREET-AVENUE V,14354.0,1631.0,106.0,297.0,0.0,3273.0,3959.0,0.0,0.0,0.0,3.0,70.0,20.0,0.0,260.0,59.0,43.0,0.0,59.0,0.0,0.0,0.0
NEW UTRECHT AVENUE-62ND ST,27922.0,1688.0,65.0,372.0,0.0,7293.0,7689.0,0.0,0.0,0.0,4.0,115.0,26.0,0.0,266.0,173.0,184.0,0.0,57.0,0.0,0.0,0.0
25TH AVENUE-86TH STREET,22062.0,1615.0,13.0,235.0,0.0,3125.0,7933.0,0.0,0.0,0.0,2.0,99.0,74.0,0.0,316.0,181.0,85.0,0.0,60.0,0.0,0.0,0.0
BAY 50TH STREET-STILLWELL,11761.0,1135.0,20.0,160.0,0.0,2552.0,4212.0,0.0,0.0,0.0,2.0,62.0,6.0,0.0,160.0,97.0,33.0,0.0,33.0,0.0,0.0,0.0
CENTRAL AVE-MYRTLE AVE,23054.0,518.0,6.0,30.0,0.0,5285.0,3329.0,0.0,0.0,0.0,2.0,40.0,0.0,0.0,381.0,135.0,84.0,0.0,182.0,0.0,0.0,0.0
SENECA AVENUE-PALMETTO ST,20069.0,596.0,12.0,80.0,0.0,4649.0,3577.0,0.0,0.0,0.0,0.0,33.0,7.0,0.0,330.0,66.0,68.0,0.0,165.0,0.0,0.0,0.0
FOREST AVENUE-PUTNAM AVENUE,27486.0,1230.0,52.0,216.0,0.0,5386.0,4781.0,0.0,0.0,0.0,8.0,177.0,30.0,0.0,374.0,219.0,133.0,0.0,168.0,0.0,0.0,0.0
FRESH POND ROAD-68TH AVENUE,37164.0,1788.0,48.0,247.0,2.0,7800.0,7351.0,0.0,0.0,0.0,38.0,184.0,21.0,0.0,693.0,304.0,342.0,0.0,172.0,0.0,0.0,0.0
JACKSON AVENUE-WESTCHESTER,20957.0,920.0,105.0,180.0,4.0,8516.0,4246.0,0.0,0.0,0.0,4.0,96.0,28.0,0.0,463.0,96.0,137.0,0.0,61.0,0.0,0.0,0.0
PROSPECT AVENUE-WESTCHESTER,29011.0,1653.0,170.0,287.0,0.0,12748.0,6359.0,0.0,0.0,0.0,11.0,40.0,38.0,0.0,1122.0,139.0,118.0,0.0,111.0,0.0,2.0,0.0
INTERVALE 163RD STREET,15214.0,649.0,32.0,54.0,1.0,5678.0,2857.0,0.0,0.0,0.0,1.0,7.0,4.0,0.0,512.0,49.0,58.0,0.0,74.0,0.0,0.0,0.0
SIMPSON ST-WESTCHESTER AVE,37348.0,2283.0,270.0,424.0,0.0,15099.0,7534.0,0.0,0.0,0.0,17.0,59.0,25.0,3.0,1226.0,136.0,120.0,0.0,153.0,1.0,3.0,0.0
FREEMAN ST-SOUTHERN BLVD,20033.0,1108.0,52.0,173.0,0.0,6996.0,3978.0,0.0,0.0,0.0,1.0,19.0,11.0,1.0,501.0,99.0,153.0,0.0,71.0,0.0,4.0,0.0
PARK PLACE-FRANKLIN AVENUE,7306.0,585.0,22.0,73.0,1.0,1671.0,1434.0,0.0,0.0,0.0,2.0,24.0,1.0,0.0,224.0,111.0,83.0,0.0,77.0,0.0,0.0,0.0
BOTANIC GARDEN-FRANKLIN AVE,4563.0,521.0,65.0,72.0,0.0,1285.0,931.0,0.0,0.0,0.0,4.0,6.0,2.0,0.0,166.0,52.0,45.0,0.0,70.0,0.0,0.0,0.0
KNICKERBOCKER AVE-MYRTLE AV,24692.0,853.0,45.0,38.0,1.0,6260.0,3342.0,0.0,0.0,0.0,1.0,20.0,15.0,0.0,427.0,74.0,61.0,0.0,186.0,0.0,0.0,0.0
HOWARD BEACH-159TH AVE,6970.0,427.0,27.0,108.0,0.0,1286.0,2389.0,0.0,0.0,0.0,2.0,34.0,6.0,0.0,63.0,154.0,33.0,0.0,1375.0,0.0,0.0,0.0
BROAD CHANNEL-NOEL ROAD,2107.0,79.0,50.0,27.0,0.0,139.0,133.0,0.0,0.0,0.0,0.0,24.0,2.0,0.0,76.0,12.0,1.0,0.0,40.0,0.0,0.0,0.0
HOLLAND-BEACH 90TH STREET,11536.0,421.0,10.0,32.0,1.0,1632.0,1085.0,0.0,0.0,0.0,1.0,51.0,0.0,0.0,198.0,132.0,49.0,0.0,231.0,0.0,0.0,0.0
PLAYLAND-BEACH 98TH STREET,5357.0,157.0,5.0,23.0,0.0,689.0,433.0,0.0,0.0,0.0,0.0,39.0,1.0,0.0,114.0,89.0,14.0,0.0,86.0,0.0,0.0,0.0
SEASIDE BEACH-105TH STREET,5527.0,179.0,8.0,4.0,0.0,403.0,440.0,0.0,0.0,0.0,3.0,15.0,0.0,0.0,60.0,63.0,22.0,0.0,108.0,0.0,0.0,0.0
ROCKAWAY PARK-BEACH 116TH,9622.0,727.0,101.0,53.0,1.0,1232.0,758.0,0.0,0.0,0.0,5.0,32.0,5.0,0.0,145.0,98.0,50.0,0.0,222.0,0.0,0.0,0.0
DITMAS AVE-MCDONALD AVE,21771.0,1506.0,24.0,179.0,0.0,4241.0,3601.0,0.0,0.0,0.0,0.0,36.0,16.0,0.0,242.0,105.0,163.0,0.0,150.0,0.0,0.0,0.0
AVENUE I-MCDONALD AVENUE,9487.0,1212.0,36.0,291.0,0.0,1533.0,1447.0,0.0,0.0,0.0,0.0,60.0,17.0,0.0,168.0,108.0,29.0,0.0,37.0,0.0,0.0,0.0
MCDONALD AVE-22ND AVE,6401.0,397.0,6.0,65.0,0.0,1135.0,1369.0,0.0,0.0,0.0,0.0,26.0,10.0,0.0,120.0,43.0,42.0,0.0,31.0,0.0,0.0,0.0
AVENUE N-MCDONALD AVENUE,15964.0,1247.0,43.0,91.0,0.0,2949.0,2827.0,0.0,0.0,0.0,0.0,92.0,12.0,0.0,211.0,136.0,54.0,0.0,70.0,0.0,0.0,0.0
AVENUE P-MCDONALD AVENUE,13324.0,996.0,18.0,64.0,1.0,2726.0,2883.0,0.0,0.0,0.0,0.0,83.0,9.0,0.0,317.0,81.0,147.0,0.0,35.0,0.0,0.0,0.0
AVENUE U-MCDONALD AVENUE,10166.0,729.0,26.0,54.0,0.0,1534.0,1991.0,0.0,0.0,0.0,3.0,53.0,18.0,0.0,117.0,133.0,46.0,0.0,27.0,0.0,0.0,0.0
NEPTUNE AVE-MCDONALD AVENUE,6872.0,1127.0,22.0,36.0,0.0,916.0,1305.0,0.0,0.0,0.0,2.0,41.0,2.0,0.0,73.0,90.0,45.0,0.0,26.0,0.0,0.0,0.0
MIDDLETOWN ROAD-WESTCHESTER,9883.0,548.0,65.0,34.0,0.0,2485.0,1537.0,0.0,0.0,0.0,9.0,33.0,6.0,0.0,362.0,134.0,17.0,0.0,14.0,0.0,0.0,0.0
BUHRE AVE-WESTCHESTER AVE,20842.0,1154.0,40.0,91.0,1.0,4906.0,3609.0,0.0,0.0,0.0,30.0,141.0,15.0,0.0,598.0,197.0,148.0,0.0,72.0,0.0,0.0,0.0
PELHAM BAY PARK-BRUCKNER BL,37504.0,3489.0,160.0,396.0,3.0,8327.0,6684.0,0.0,0.0,0.0,140.0,124.0,34.0,1.0,1897.0,530.0,167.0,0.0,142.0,1.0,0.0,0.0
PELHAM PKWY-ESPLANADE,14906.0,852.0,24.0,54.0,2.0,2197.0,3012.0,0.0,0.0,0.0,22.0,119.0,6.0,0.0,950.0,171.0,46.0,0.0,67.0,0.0,0.0,0.0
DYRE AVENUE-LIGHT STREET,24658.0,1213.0,87.0,63.0,4.0,5462.0,4256.0,0.0,0.0,0.0,24.0,78.0,6.0,0.0,693.0,81.0,113.0,0.0,87.0,0.0,0.0,0.0
CHAUNCEY STREET-ROCKAWAY AV,18013.0,678.0,33.0,160.0,2.0,6126.0,3082.0,0.0,0.0,0.0,1.0,36.0,5.0,0.0,270.0,40.0,129.0,0.0,189.0,0.0,0.0,0.0
ALABAMA AVENUE-FULTON ST,13457.0,832.0,105.0,122.0,2.0,3958.0,1816.0,0.0,0.0,0.0,2.0,24.0,13.0,0.0,371.0,43.0,58.0,0.0,144.0,0.0,0.0,0.0
VAN SICLEN AVENUE-FULTON ST,18291.0,723.0,70.0,106.0,0.0,5902.0,2667.0,0.0,0.0,0.0,0.0,26.0,10.0,0.0,368.0,79.0,59.0,0.0,97.0,0.0,0.0,0.0
CLEVELAND STREET-FULTON ST,17201.0,813.0,55.0,102.0,0.0,5802.0,2772.0,0.0,0.0,0.0,1.0,49.0,9.0,2.0,409.0,68.0,42.0,0.0,90.0,0.0,0.0,0.0
NORWOOD AVENUE-FULTON ST,15607.0,858.0,49.0,92.0,14.0,6064.0,2841.0,0.0,0.0,0.0,2.0,25.0,1.0,23.0,464.0,45.0,97.0,0.0,71.0,0.0,0.0,0.0
CRESCENT STREET-FULTON ST,25631.0,1312.0,87.0,232.0,0.0,8111.0,4080.0,0.0,0.0,0.0,36.0,38.0,19.0,4.0,682.0,154.0,207.0,0.0,120.0,0.0,0.0,0.0
RALPH AVENUE-FULTON STREET,28211.0,1569.0,136.0,304.0,2.0,8038.0,5630.0,0.0,0.0,0.0,9.0,56.0,16.0,0.0,1058.0,88.0,185.0,0.0,215.0,0.0,0.0,0.0
ROCKAWAY AVE-HOPKINSON AVE,23579.0,1553.0,179.0,347.0,0.0,8357.0,5128.0,0.0,0.0,0.0,11.0,32.0,50.0,0.0,922.0,86.0,206.0,0.0,209.0,0.0,0.0,0.0
LIBERTY AVE-PENNSYLVANIA AV,12564.0,939.0,87.0,141.0,0.0,3555.0,2053.0,0.0,0.0,0.0,3.0,58.0,10.0,0.0,526.0,37.0,79.0,0.0,57.0,0.0,0.0,0.0
VAN SICLEN AVE-PITKIN AVE,15928.0,847.0,102.0,192.0,4.0,5548.0,2918.0,0.0,0.0,0.0,0.0,69.0,6.0,0.0,576.0,65.0,69.0,0.0,71.0,0.0,0.0,0.0
SHEPHERD AVE-PITKIN AVE,16721.0,871.0,113.0,67.0,0.0,5170.0,3112.0,0.0,0.0,0.0,8.0,42.0,4.0,0.0,476.0,117.0,105.0,0.0,64.0,0.0,0.0,0.0
170TH STREET-GRAND CONC.,31710.0,1995.0,122.0,348.0,0.0,14135.0,7387.0,0.0,0.0,0.0,15.0,67.0,12.0,10.0,1124.0,98.0,102.0,0.0,143.0,0.0,0.0,0.0
238TH ST-WHITE PLAINS ROAD,16922.0,1059.0,79.0,79.0,1.0,3996.0,2439.0,0.0,0.0,0.0,18.0,102.0,2.0,0.0,659.0,85.0,59.0,0.0,44.0,0.0,0.0,0.0
138TH STREET-3RD AVE,40983.0,2118.0,167.0,256.0,2.0,16878.0,8687.0,0.0,0.0,0.0,18.0,70.0,13.0,2.0,1567.0,209.0,306.0,2.0,126.0,2.0,1.0,0.0
BROOK AVENUE-138TH STREET,32754.0,1823.0,75.0,223.0,7.0,13817.0,5114.0,0.0,0.0,0.0,3.0,27.0,19.0,0.0,847.0,106.0,142.0,0.0,57.0,0.0,0.0,0.0
CYPRESS AVENUE-138TH STREET,16621.0,849.0,69.0,64.0,0.0,7385.0,3331.0,0.0,0.0,0.0,29.0,51.0,0.0,0.0,465.0,47.0,41.0,0.0,35.0,0.0,0.0,0.0
EAST 143RD ST-SOUTHERN BLVD,5491.0,240.0,9.0,12.0,0.0,2268.0,1363.0,0.0,0.0,0.0,2.0,5.0,1.0,0.0,100.0,19.0,29.0,0.0,28.0,0.0,0.0,0.0
EAST 149TH ST-SOUTHERN BLVD,25208.0,1422.0,138.0,125.0,0.0,10307.0,5269.0,0.0,0.0,0.0,11.0,49.0,8.0,0.0,1037.0,38.0,176.0,0.0,77.0,0.0,0.0,0.0
LONGWOOD AVE-SOUTHERN BLVD,16896.0,803.0,68.0,36.0,10.0,6826.0,3110.0,0.0,0.0,0.0,11.0,24.0,5.0,0.0,449.0,33.0,41.0,0.0,37.0,0.0,0.0,0.0
WINTHROP ST-NOSTRAND AVE,33279.0,2260.0,175.0,394.0,23.0,6853.0,8632.0,0.0,0.0,0.0,7.0,70.0,24.0,18.0,4652.0,365.0,253.0,0.0,245.0,0.0,0.0,0.0
72ND STREET & BROADWAY,129775.0,14204.0,587.0,1821.0,37.0,34877.0,32369.0,0.0,0.0,0.0,344.0,913.0,92.0,163.0,4024.0,1991.0,1777.0,0.0,1180.0,0.0,0.0,0.0
HOYT STREET-FULTON STREET,8364.0,580.0,63.0,82.0,5.0,2601.0,2239.0,0.0,0.0,0.0,14.0,61.0,0.0,5.0,278.0,129.0,61.0,0.0,62.0,0.0,0.0,0.0
MARCY AVENUE-BROADWAY,59033.0,3532.0,322.0,360.0,3.0,14702.0,10649.0,0.0,0.0,0.0,17.0,305.0,22.0,0.0,1169.0,532.0,301.0,0.0,576.0,0.0,0.0,0.0
BROADWAY LAFAYETTE-BLEECKER,66965.0,2363.0,267.0,209.0,62.0,17379.0,15014.0,0.0,0.0,0.0,45.0,375.0,21.0,80.0,1838.0,914.0,797.0,0.0,647.0,0.0,2.0,0.0
CANAL STREET-BROADWAY,49169.0,2537.0,95.0,270.0,13.0,10476.0,11257.0,0.0,0.0,0.0,162.0,331.0,22.0,3.0,1045.0,867.0,439.0,0.0,505.0,0.0,0.0,0.0
CANAL ST-LAFAYETTE ST EAST,52872.0,8997.0,241.0,1205.0,21.0,9696.0,17056.0,0.0,0.0,0.0,180.0,358.0,142.0,71.0,1307.0,817.0,440.0,0.0,489.0,0.0,0.0,0.0
AQUEDUCT RACE TRACK,660.0,73.0,1.0,1.0,0.0,204.0,136.0,0.0,0.0,0.0,2.0,9.0,0.0,0.0,50.0,1.0,0.0,0.0,4.0,0.0,0.0,0.0
RI TRAMWAY (MANHATTAN),25268.0,1789.0,84.0,132.0,0.0,2931.0,7413.0,0.0,0.0,0.0,41.0,104.0,6.0,1.0,1075.0,552.0,463.0,0.0,436.0,0.0,0.0,0.0
RI TRAMWAY (ROOSEVELT),28803.0,2070.0,68.0,123.0,1.0,2918.0,7190.0,0.0,0.0,0.0,29.0,137.0,5.0,1.0,1067.0,582.0,506.0,0.0,479.0,0.0,0.0,0.0
AIRTRAIN @ HOWARD BEACH,9849.0,156.0,0.0,0.0,2.0,0.0,0.0,0.0,0.0,0.0,0.0,62.0,0.0,0.0,0.0,156.0,0.0,0.0,5646.0,9655.0,2122.0,0.0
AIRTRAIN JAMAICA CENTER 1,16001.0,244.0,0.0,0.0,5.0,0.0,0.0,0.0,0.0,0.0,0.0,97.0,0.0,0.0,0.0,375.0,0.0,0.0,16704.0,35798.0,7476.0,0.0
PA-PATH WORLD TRADE CNTR,192944.0,0.0,0.0,0.0,16.0,0.0,0.0,0.0,0.0,0.0,0.0,822.0,0.0,0.0,0.0,0.0,0.0,2836.0,1275.0,0.0,0.0,0.0
PA-PATH THIRTY THIRD ST,101056.0,0.0,0.0,0.0,8.0,0.0,0.0,0.0,0.0,0.0,0.0,491.0,0.0,0.0,0.0,0.0,0.0,3878.0,920.0,0.0,0.0,0.0
PA-PATH TWENTY THIRD ST,20659.0,0.0,0.0,0.0,1.0,0.0,0.0,0.0,0.0,0.0,0.0,222.0,0.0,0.0,0.0,0.0,0.0,269.0,214.0,0.0,0.0,0.0
PA-PATH EXCHANGE PLACE,37501.0,0.0,0.0,0.0,0.0,0.0,0.0,0.0,0.0,0.0,0.0,211.0,0.0,0.0,0.0,0.0,0.0,669.0,254.0,0.0,0.0,0.0
PA-PATH HARRISON,25452.0,0.0,0.0,0.0,0.0,0.0,0.0,0.0,0.0,0.0,0.0,98.0,0.0,0.0,0.0,0.0,0.0,717.0,146.0,0.0,0.0,0.0
PA-PATH 14TH STREET,32646.0,0.0,0.0,0.0,1.0,0.0,0.0,0.0,0.0,0.0,0.0,201.0,0.0,0.0,0.0,0.0,0.0,558.0,292.0,0.0,0.0,0.0
PA-PATH PAVONIA/NEWPORT,32297.0,0.0,0.0,0.0,4.0,0.0,0.0,0.0,0.0,0.0,0.0,273.0,0.0,0.0,0.0,0.0,0.0,319.0,388.0,0.0,0.0,0.0
PA-PATH 9TH STREET,14685.0,0.0,0.0,0.0,0.0,0.0,0.0,0.0,0.0,0.0,0.0,89.0,0.0,0.0,0.0,0.0,0.0,257.0,165.0,0.0,0.0,0.0
PA-PATH CHRISTOPHER ST,16295.0,0.0,0.0,0.0,0.0,0.0,0.0,0.0,0.0,0.0,0.0,77.0,0.0,0.0,0.0,0.0,0.0,147.0,191.0,0.0,0.0,0.0
PA-PATH NEWARK,122870.0,0.0,0.0,0.0,3.0,0.0,0.0,0.0,0.0,0.0,0.0,322.0,0.0,0.0,0.0,0.0,0.0,4228.0,597.0,0.0,0.0,0.0
PA-PATH HOBOKEN,58632.0,0.0,0.0,0.0,5.0,0.0,0.0,0.0,0.0,0.0,0.0,418.0,0.0,0.0,0.0,0.0,0.0,818.0,553.0,0.0,0.0,0.0
PA-PATH GROVE ST,54087.0,0.0,0.0,0.0,1.0,0.0,0.0,0.0,0.0,0.0,0.0,351.0,0.0,0.0,0.0,0.0,0.0,1569.0,632.0,0.0,0.0,0.0
PA-PATH JOURNAL SQUARE,107223.0,0.0,0.0,0.0,14.0,0.0,0.0,0.0,0.0,0.0,0.0,523.0,0.0,0.0,0.0,0.0,0.0,5453.0,657.0,0.0,0.0,0.0
72ND STREET - 2 AVENUE,138951.0,9888.0,316.0,759.0,118.0,20455.0,35294.0,0.0,0.0,0.0,277.0,1314.0,99.0,219.0,7706.0,4019.0,1677.0,0.0,1103.0,0.0,0.0,0.0
86TH STREET - 2 AVENUE,94083.0,7074.0,343.0,629.0,11.0,18268.0,22361.0,0.0,0.0,0.0,145.0,801.0,43.0,102.0,2707.0,2296.0,1257.0,0.0,851.0,0.0,0.0,0.0
96TH STREET - 2 AVENUE,76301.0,7227.0,356.0,737.0,20.0,15524.0,19573.0,0.0,0.0,0.0,68.0,528.0,57.0,67.0,5755.0,1724.0,1131.0,0.0,609.0,0.0,0.0,0.0
