date,Direct Normal [W/m^2],Global Horiz [W/m^2],Diffuse Horiz (calc) [W/m^2],Avg Wind Direction @ 30ft [deg from N],Dry Bulb Temp [deg C],Global UVA [W/m^2],Global UVE [W/m^2],Global UVE [Index],Avg Wind Speed @ 30ft [m/s],Peak Wind Speed @ 30ft [m/s]
2020-259-0,-1.66978,-3.65336,0,29.33,29.27,0,0,0.007,0.98,1.274
2020-259-1,-1.66978,-3.70956,0,21.68,29.28,0,0,0.007,0.506,0.882
2020-259-2,-1.55846,-3.65336,0,10.79,29.27,0,0,0.007,0.565,0.784
2020-259-3,-0.987953,-3.65336,0,17.76,29.27,0,0,0.007,0.577,1.078
2020-259-4,-0.834891,-3.65337,0,21.86,29.33,0,0,0.007,1.003,1.372
2020-259-5,-0.834892,-3.68147,0,23.33,29.45,0,0,0.007,0.941,1.176
2020-259-6,-0.827937,-3.65338,0,14.2,29.54,0,0,0.007,0.866,1.176
2020-259-7,-0.396576,-3.65339,0,11.92,29.58,0,0,0.007,0.975,1.274
2020-259-8,-0.090447,-3.42388,0,10.01,29.58,0,0,0.007,1.153,1.568
2020-259-9,0.306130,-3.09134,0,7.481,29.64,0,0,0.007,1.442,1.862
2020-259-10,0.834901,-3.09135,0,7.963,29.61,0,0,0.007,1.122,1.568
2020-259-11,0.834902,-3.03046,0,9.92,29.5,0,0,0.007,1.111,1.47
2020-259-12,0.834903,-3.00705,0,7.375,29.39,0,0,0.007,1.277,1.764
2020-259-13,0.834905,-3.09136,0,9.26,29.27,0,0,0.007,1.534,1.764
2020-259-14,1.00884,-3.02110,0,10.41,29.23,0,0,0.007,1.343,1.568
2020-259-15,0.834901,-2.60422,0,11.37,29.27,0,0,0.007,1.387,1.764
2020-259-16,0.834899,-2.59953,0,12.76,29.31,0,0,0.007,1.109,1.47
2020-259-17,0.834899,-3.07729,0,14.56,29.28,0,0,0.007,0.673,1.176
2020-259-18,0.834899,-3.09134,0,9.84,29.25,0,0,0.007,0.426,0.882
2020-259-19,0.709664,-2.88525,0,14.85,29.14,0,0,0.007,0.33,0.588
2020-259-20,0.076532,-3.09134,0,18.53,29.03,0,0,0.007,0.103,0.196
2020-259-21,0.02783,-3.40048,0,16.96,28.94,0,0,0.007,0.297,0.49
2020-259-22,0,-3.46606,0,19.23,28.88,0,0,0.007,0.098,0.098
2020-259-23,0,-3.09135,0,16.6,28.82,0,0,0.007,0.098,0.098
2020-259-24,0,-3.09136,0,13.04,28.78,0,0,0.007,0.188,0.588
2020-259-25,0,-2.92274,0,7.565,28.76,0,0,0.007,0.217,0.588
2020-259-26,-0.396580,-2.81970,0,10.53,28.69,0,0,0.007,0.103,0.196
2020-259-27,-0.834907,-2.81502,0,8.85,28.68,0,0,0.007,1.032,1.764
2020-259-28,-0.535732,-3.08669,0,7.686,28.79,0,0,0.007,1.336,1.568
2020-259-29,0,-3.09137,0,5.653,28.8,0,0,0.007,1.315,1.568
2020-259-30,0,-3.09138,0,8.14,28.79,0,0,0.007,1.341,1.862
2020-259-31,0,-3.09138,0,9.02,28.85,0,0,0.007,1.414,1.96
2020-259-32,0.528777,-3.09138,0,7.705,28.81,0,0,0.007,1.795,2.45
2020-259-33,0.834911,-3.09138,0,8.44,28.79,0,0,0.007,1.72,2.156
2020-259-34,0.834912,-2.68857,0,8.68,28.72,0,0,0.007,1.803,2.156
2020-259-35,0.834912,-2.52932,0,6.343,28.73,0,0,0.007,1.757,2.156
2020-259-36,0.834913,-2.52932,0,5.095,28.79,0,0,0.007,1.294,1.862
2020-259-37,0.834913,-2.52932,0,6.093,28.72,0,0,0.007,1.089,1.568
2020-259-38,0.834914,-2.52932,0,39.05,28.69,0,0,0.007,0.596,0.882
2020-259-39,0.834914,-2.52932,0,6.615,28.64,0,0,0.007,0.795,1.078
2020-259-40,0.619228,-2.52932,0,6.922,28.6,0,0,0.007,1.001,1.274
2020-259-41,0.417457,-2.52932,0,5.434,28.6,0,0,0.007,0.711,0.882
2020-259-42,0.354839,-2.52933,0,6.59,28.58,0,0,0.007,0.663,1.078
2020-259-43,0.041746,-2.52933,0,2.061,28.58,0,0,0.007,0.777,1.078
2020-259-44,0,-2.53401,0,4.088,28.57,0,0,0.007,0.624,0.98
2020-259-45,0,-2.94150,0,29.75,28.55,0,0,0.007,0.457,0.686
2020-259-46,0,-3.09137,0,2.141,28.52,0,0,0.007,0.374,0.686
2020-259-47,0,-3.09137,0,1.035,28.51,0,0,0.007,0.372,0.588
2020-259-48,0,-3.09136,0,1.866,28.51,0,0,0.007,0.539,0.686
2020-259-49,0,-3.09136,0,2.602,28.52,0,0,0.007,0.608,0.784
2020-259-50,0,-3.09136,0,0.963,28.53,0,0,0.007,0.56,0.784
2020-259-51,0,-3.09136,0,1.967,28.52,0,0,0.007,0.376,0.588
2020-259-52,0,-2.72133,0,2.109,28.51,0,0,0.007,0.238,0.588
2020-259-53,-0.090448,-2.52930,0,4.24,28.51,0,0,0.007,0.188,0.49
2020-259-54,-0.368750,-2.52930,0,4.784,28.47,0,0,0.007,0.098,0.098
2020-259-55,-0.006958,-2.91806,0,6.398,28.41,0,0,0.007,0.098,0.098
2020-259-56,0,-3.09137,0,19.33,28.39,0,0,0.007,0.109,0.294
2020-259-57,-0.146109,-3.09137,0,24.92,28.39,0,0,0.007,0.487,0.686
2020-259-58,-0.834909,-3.09138,0,23.83,28.41,0,0,0.007,0.599,0.686
2020-259-59,-0.834910,-3.09138,0,20.67,28.46,0,0,0.007,0.681,0.882
2020-259-100,-0.834910,-3.00238,0,16.34,28.51,0,0,0.007,0.603,0.784
2020-259-101,-0.834911,-3.08670,0,14.75,28.51,0,0,0.007,0.544,0.784
2020-259-102,-0.848827,-3.08202,0,25.55,28.44,0,0,0.007,0.402,0.686
2020-259-103,-1.17583,-3.09139,0,28.25,28.37,0,0,0.007,0.635,0.784
2020-259-104,-0.890573,-3.09139,0,27.26,28.4,0,0,0.007,0.712,0.882
2020-259-105,-0.869701,-2.83377,0,26.22,28.43,0,0,0.007,0.593,0.882
2020-259-106,-1.25237,-2.52932,0,20.59,28.36,0,0,0.007,0.203,0.49
2020-259-107,-1.02277,-2.74947,0,14.29,28.32,0,0,0.007,0.219,0.588
2020-259-108,-0.876660,-3.09139,0,26.64,28.26,0,0,0.007,0.434,0.784
2020-259-109,-1.56546,-3.09138,0,29.48,28.07,0,0,0.007,0.97,1.176
2020-259-110,-1.57241,-3.09137,0,27.5,28.03,0,0,0.007,0.639,1.078
2020-259-111,-0.883609,-3.09136,0,23.5,28.11,0,0,0.007,0.26,0.49
2020-259-112,-0.834905,-3.09136,0,23.24,28.14,0,0,0.007,0.098,0.098
2020-259-113,-0.841858,-3.09134,0,23.13,28.2,0,0,0.007,0.098,0.098
2020-259-114,-1.42628,-2.85246,0,21.71,28.18,0,0,0.007,0.343,0.588
2020-259-115,-1.66979,-3.09132,0,17.65,28.13,0,0,0.007,0.394,0.784
2020-259-116,-1.66979,-3.09132,0,14.51,28.24,0,0,0.007,0.76,0.882
2020-259-117,-1.66979,-3.05853,0,14.17,28.45,0,0,0.007,0.559,0.784
2020-259-118,-1.66979,-3.08664,0,14.23,28.36,0,0,0.007,0.1,0.196
2020-259-119,-1.64196,-3.09132,0,14.21,28.24,0,0,0.007,0.098,0.098
2020-259-120,-1.16886,-3.09133,0,14.22,28.15,0,0,0.007,0.098,0.098
2020-259-121,-0.834897,-3.09133,0,14.19,28.08,0,0,0.007,0.098,0.098
2020-259-122,-0.834898,-3.09134,0,14.18,28.04,0,0,0.007,0.098,0.098
2020-259-123,-0.834900,-3.07729,0,14.11,28.1,0,0,0.007,0.152,0.294
2020-259-124,-0.834901,-2.58081,0,14.07,28.26,0,0,0.007,0.356,0.588
2020-259-125,-0.869690,-2.52929,0,14.08,28.31,0,0,0.007,0.448,0.588
2020-259-126,-1.23148,-2.52929,0,14.1,28.32,0,0,0.007,0.564,0.784
2020-259-127,-1.46108,-2.70259,0,13.24,28.39,0,0,0.007,0.738,0.882
2020-259-128,-1.37758,-3.08665,0,11.98,28.47,0,0,0.007,0.665,0.784
2020-259-129,-0.883600,-3.09133,0,10.31,28.59,0,0,0.007,0.75,0.882
2020-259-130,-1.05058,-2.77752,0,10.3,28.66,0,0,0.007,0.805,0.882
2020-259-131,-1.33583,-3.05854,0,10.68,28.58,0,0,0.007,0.681,0.784
2020-259-132,-0.897509,-3.09131,0,13.7,28.52,0,0,0.007,0.743,0.882
2020-259-133,-0.834890,-3.09131,0,16.13,28.51,0,0,0.007,0.523,0.686
2020-259-134,-0.834890,-3.10536,0,17.1,28.5,0,0,0.007,0.457,0.588
2020-259-135,-0.834890,-3.09131,0,17.14,28.5,0,0,0.007,0.394,0.49
2020-259-136,-0.848805,-3.09131,0,16.91,28.5,0,0,0.007,0.384,0.49
2020-259-137,-0.834892,-3.09131,0,16.5,28.47,0,0,0.007,0.25,0.49
2020-259-138,-0.834890,-3.09131,0,14.46,28.43,0,0,0.007,0.461,0.686
2020-259-139,-0.841846,-2.61824,0,14.28,28.4,0,0,0.007,0.508,0.784
2020-259-140,-1.23146,-2.79153,0,13.67,28.33,0,0,0.007,0.728,0.882
2020-259-141,-1.28712,-3.09130,0,13.03,28.34,0,0,0.007,0.751,0.882
2020-259-142,-1.21754,-3.09130,0,11.66,28.3,0,0,0.007,0.591,0.784
2020-259-143,-0.987952,-3.09130,0,8.88,28.36,0,0,0.007,0.59,0.784
2020-259-144,-0.834891,-3.09131,0,7.992,28.3,0,0,0.007,0.511,0.588
2020-259-145,-0.834892,-3.05853,0,8,28.2,0,0,0.007,0.516,0.588
2020-259-146,-0.834894,-3.08663,0,8.02,28.15,0,0,0.007,0.372,0.588
2020-259-147,-0.834896,-3.09133,0,7.96,28.13,0,0,0.007,0.113,0.294
2020-259-148,-0.834898,-3.09133,0,17.89,28.01,0,0,0.007,0.101,0.294
2020-259-149,-0.834899,-3.09134,0,45.45,27.94,0,0,0.007,0.358,0.49
2020-259-150,-0.340918,-2.74942,0,45.88,27.89,0,0,0.007,0.124,0.294
2020-259-151,0,-2.52929,0,45.87,27.84,0,0,0.007,0.098,0.098
2020-259-152,-0.264386,-2.11711,0,45.89,27.79,0,0,0.007,0.098,0.098
2020-259-153,-0.834905,-1.96723,0,22.08,27.82,0,0,0.007,0.371,0.686
2020-259-154,-0.834906,-2.11243,0,3.401,27.99,0,0,0.007,0.639,0.784
2020-259-155,-0.438326,-2.52930,0,1.564,28.15,0,0,0.007,0.619,0.784
2020-259-156,0,-2.52930,0,70.71,28.26,0,0,0.007,0.652,0.784
2020-259-157,0,-2.52931,0,82.6,28.38,0,0,0.007,0.722,0.882
2020-259-158,0,-2.52931,0,78.31,28.5,0,0,0.007,0.595,0.784
2020-259-159,0,-2.52931,0,75.92,28.52,0,0,0.007,0.565,0.784
2020-259-200,0.493989,-2.52931,0,68.98,28.52,0,0,0.007,0.451,0.588
2020-259-201,0.083491,-2.52932,0,53.36,28.31,0,0,0.007,0.712,1.078
2020-259-202,0.069576,-2.52932,0,51.82,28.06,0,0,0.007,0.825,1.176
2020-259-203,0.125237,-2.52932,0,51.64,27.96,0,0,0.007,0.51,0.686
2020-259-204,-0.006958,-2.52932,0,49.01,27.95,0,0,0.007,0.289,0.686
2020-259-205,-0.438330,-2.52932,0,49.01,27.94,0,0,0.007,0.098,0.098
2020-259-206,-0.507906,-2.52932,0,48.99,27.94,0,0,0.007,0.098,0.098
2020-259-207,-0.201771,-2.52932,0,49,27.89,0,0,0.007,0.098,0.098
2020-259-208,-0.027830,-2.52932,0,49.13,27.82,0,0,0.007,0.098,0.098
2020-259-209,-0.591398,-2.43096,0,49.35,27.81,0,0,0.007,0.098,0.098
2020-259-210,-0.347881,-1.96725,0,54.51,27.81,0,0,0.007,0.098,0.098
2020-259-211,-0.006958,-1.96725,0,77.98,27.89,0,0,0.007,0.479,0.784
2020-259-212,0,-1.96725,0,79.24,28.09,0,0,0.007,0.532,0.882
2020-259-213,0,-1.96725,0,79.22,28.13,0,0,0.007,0.33,0.49
2020-259-214,0,-1.96725,0,79.21,28.13,0,0,0.007,0.176,0.49
2020-259-215,0,-1.96724,0,79.25,28.06,0,0,0.007,0.098,0.098
2020-259-216,0,-1.96724,0,79.31,27.94,0,0,0.007,0.098,0.098
2020-259-217,0,-2.33725,0,21.52,27.81,0,0,0.007,0.098,0.098
2020-259-218,0,-2.52928,0,18.99,27.74,0,0,0.007,0.109,0.294
2020-259-219,0,-2.12177,0,16.25,27.74,0,0,0.007,0.109,0.196
2020-259-220,0,-1.96720,0,11.29,27.8,0,0,0.007,0.457,0.686
2020-259-221,0,-1.96720,0,7.858,27.87,0,0,0.007,0.66,0.784
2020-259-222,0,-1.96720,0,6.348,27.94,0,0,0.007,0.639,0.784
2020-259-223,0,-1.60655,0,6.735,28,0,0,0.007,0.485,0.588
2020-259-224,0,-1.42388,0,12.94,27.97,0,0,0.007,0.417,0.588
2020-259-225,0,-1.93442,0,20.58,27.89,0,0,0.007,0.526,0.784
2020-259-226,0,-1.96720,0,25.92,27.8,0,0,0.007,0.529,0.686
2020-259-227,0,-1.96720,0,24.85,27.76,0,0,0.007,0.258,0.49
2020-259-228,0,-1.96720,0,20.77,27.79,0,0,0.007,0.137,0.49
2020-259-229,0,-1.96720,0,12.35,27.78,0,0,0.007,0.363,0.588
2020-259-230,0,-1.96720,0,12.5,27.75,0,0,0.007,0.586,0.784
2020-259-231,0,-1.96720,0,12.88,27.74,0,0,0.007,0.573,0.784
2020-259-232,0,-1.96720,0,13.86,27.76,0,0,0.007,0.457,0.588
2020-259-233,0,-1.99063,0,14.32,27.78,0,0,0.007,0.328,0.49
2020-259-234,0,-2.38875,0,16.57,27.78,0,0,0.007,0.098,0.098
2020-259-235,0,-2.36534,0,30.25,27.77,0,0,0.007,0.477,0.686
2020-259-236,0,-2.14520,0,30.89,27.76,0,0,0.007,0.516,0.686
2020-259-237,0,-2.04685,0,30.27,27.8,0,0,0.007,0.283,0.49
2020-259-238,0,-1.98127,0,23.42,27.84,0,0,0.007,0.503,0.588
2020-259-239,0,-1.96723,0,21.44,27.83,0,0,0.007,0.763,0.882
2020-259-240,0,-1.96723,0,16.37,27.85,0,0,0.007,0.644,0.784
2020-259-241,0,-2.42625,0,12.85,27.82,0,0,0.007,0.807,1.078
2020-259-242,0,-2.01407,0,13.99,27.92,0,0,0.007,0.91,1.078
2020-259-243,0,-1.96724,0,13.92,28.09,0,0,0.007,0.791,0.882
2020-259-244,0,-1.92508,0,12.28,28.1,0,0,0.007,0.699,0.882
2020-259-245,0,-1.55506,0,12.17,27.97,0,0,0.007,0.577,0.784
2020-259-246,0,-1.51290,0,12.15,27.89,0,0,0.007,0.452,0.588
2020-259-247,0,-1.96725,0,10.28,27.84,0,0,0.007,0.113,0.294
2020-259-248,0.034788,-1.96725,0,33.51,27.82,0,0,0.007,0.227,0.588
2020-259-249,0.660972,-1.96725,0,80.6,27.8,0,0,0.007,0.72,0.882
2020-259-250,0.834913,-1.96725,0,77.19,27.77,0,0,0.007,0.627,0.686
2020-259-251,0.834913,-1.61127,0,76.35,27.81,0,0,0.007,0.459,0.588
2020-259-252,0.834914,-1.40518,0,78.61,27.88,0,0,0.007,0.469,0.588
2020-259-253,0.834914,-1.39581,0,83.4,27.94,0,0,0.007,0.619,0.784
2020-259-254,0.834909,-0.852471,0,85.2,27.95,0,0,0.007,0.701,0.882
2020-259-255,0.834907,-0.843101,0,82.9,27.87,0,0,0.007,0.539,0.784
2020-259-256,0.834906,-0.936777,0,80.6,27.7,0,0,0.007,0.559,0.686
2020-259-257,0.834904,-1.40516,0,80.5,27.57,0,0,0.007,0.343,0.588
2020-259-258,0.834904,-1.40516,0,80.5,27.57,0,0,0.007,0.369,0.49
2020-259-259,0.688796,-1.40516,0,80.6,27.55,0,0,0.007,0.149,0.294
2020-259-300,0.097405,-1.40516,0,80.6,27.49,0,0,0.007,0.098,0.098
2020-259-301,0,-1.90165,0,81.5,27.4,0,0,0.007,0.098,0.098
2020-259-302,0,-1.96722,0,27.3,27.28,0,0,0.007,0.167,0.49
2020-259-303,0,-1.96722,0,5.262,27.25,0,0,0.007,0.268,0.49
2020-259-304,0,-1.96721,0,5.922,27.33,0,0,0.007,0.389,0.588
2020-259-305,0,-1.96721,0,5.975,27.45,0,0,0.007,0.158,0.392
2020-259-306,0,-1.96721,0,6.495,27.45,0,0,0.007,0.118,0.294
2020-259-307,0,-1.96721,0,2.008,27.52,0,0,0.007,0.31,0.49
2020-259-308,0,-1.96253,0,6.059,27.59,0,0,0.007,0.58,0.882
2020-259-309,0,-1.49415,0,6.729,27.64,0,0,0.007,0.88,1.176
2020-259-310,0.013915,-1.40515,0,4.803,27.61,0,0,0.007,0.81,0.98
2020-259-311,0.660963,-1.40516,0,2.031,27.66,0,0,0.007,1.119,1.47
2020-259-312,0.834902,-1.40516,0,5.025,27.75,0,0,0.007,0.92,1.176
2020-259-313,0.834903,-1.40516,0,7.191,27.81,0,0,0.007,0.838,1.176
2020-259-314,0.834904,-1.40516,0,46.13,27.78,0,0,0.007,0.825,0.98
2020-259-315,0.834906,-1.40517,0,82.7,27.77,0,0,0.007,0.809,0.98
2020-259-316,0.834907,-1.40517,0,73.57,27.75,0,0,0.007,0.617,0.784
2020-259-317,0.834907,-1.40517,0,1.698,27.74,0,0,0.007,0.508,0.686
2020-259-318,0.834903,-1.40516,0,1.866,27.72,0,0,0.007,0.454,0.588
2020-259-319,0.834901,-1.40516,0,2.7,27.74,0,0,0.007,0.452,0.588
2020-259-320,0.834900,-1.40516,0,2.726,27.68,0,0,0.007,0.323,0.49
2020-259-321,0.709665,-1.40515,0,2.742,27.67,0,0,0.007,0.209,0.392
2020-259-322,0.800113,-1.40515,0,2.674,27.66,0,0,0.007,0.098,0.098
2020-259-323,0.834900,-1.57377,0,2.699,27.65,0,0,0.007,0.098,0.098
2020-259-324,0.834901,-1.96722,0,2.766,27.59,0,0,0.007,0.098,0.098
2020-259-325,0.834902,-1.96722,0,5.833,27.57,0,0,0.007,0.098,0.098
2020-259-326,0.417451,-1.96722,0,11.93,27.54,0,0,0.007,0.098,0.098
2020-259-327,0.006958,-1.96722,0,11.93,27.5,0,0,0.007,0.176,0.392
2020-259-328,0,-1.96721,0,11.92,27.56,0,0,0.007,0.323,0.392
2020-259-329,0,-1.96721,0,13.39,27.57,0,0,0.007,0.385,0.588
2020-259-330,0,-1.96721,0,16.73,27.56,0,0,0.007,0.407,0.588
2020-259-331,0,-2.26697,0,16.93,27.57,0,0,0.007,0.338,0.49
2020-259-332,0,-2.52927,0,16.99,27.6,0,0,0.007,0.103,0.196
2020-259-333,0,-2.52926,0,16.98,27.58,0,0,0.007,0.098,0.098
2020-259-334,0,-2.52925,0,16.94,27.57,0,0,0.007,0.098,0.098
2020-259-335,0,-2.52925,0,16.41,27.57,0,0,0.007,0.124,0.294
2020-259-336,-0.062617,-2.52925,0,12.58,27.58,0,0,0.007,0.501,0.784
2020-259-337,-0.681828,-2.52925,0,9.94,27.52,0,0,0.007,0.624,0.882
2020-259-338,-0.500935,-2.53862,0,11.77,27.44,0,0,0.007,0.366,0.686
2020-259-339,0,-2.61825,0,12.87,27.42,0,0,0.007,0.149,0.392
2020-259-340,0,-2.52926,0,10.96,27.49,0,0,0.007,0.281,0.49
2020-259-341,0,-2.52927,0,10.19,27.51,0,0,0.007,0.456,0.588
2020-259-342,-0.660960,-2.52927,0,9.51,27.47,0,0,0.007,0.129,0.294
2020-259-343,-0.834899,-2.52928,0,9.77,27.38,0,0,0.007,0.127,0.294
2020-259-344,-0.327003,-2.86184,0,9.98,27.35,0,0,0.007,0.098,0.098
2020-259-345,-0.327003,-3.09135,0,31.52,27.29,0,0,0.007,0.289,0.686
2020-259-346,0,-3.0492,0,47.84,27.16,0,0,0.007,0.585,0.784
2020-259-347,0,-2.91337,0,47.67,27.17,0,0,0.007,0.252,0.588
2020-259-348,-0.473113,-2.52930,0,47.62,27.17,0,0,0.007,0.49,0.588
2020-259-349,-0.834907,-2.5293,0,47.66,27.17,0,0,0.007,0.408,0.49
2020-259-350,-0.834908,-2.52930,0,47.74,27.17,0,0,0.007,0.175,0.392
2020-259-351,-0.834909,-2.52931,0,47.74,27.17,0,0,0.007,0.098,0.098
2020-259-352,-0.236558,-2.52931,0,47.7,27.15,0,0,0.007,0.098,0.098
2020-259-353,-0.654013,-2.52931,0,47.7,27.09,0,0,0.007,0.098,0.098
2020-259-354,-0.834911,-2.75414,0,47.7,27.03,0,0,0.007,0.098,0.098
2020-259-355,-0.834912,-3.09138,0,47.7,26.97,0,0,0.007,0.098,0.098
2020-259-356,-0.834912,-3.16633,0,47.62,26.89,0,0,0.007,0.098,0.098
2020-259-357,-0.834913,-3.62536,0,46.52,26.88,0,0,0.007,0.341,0.49
2020-259-358,-0.834913,-3.63473,0,42.21,26.88,0,0,0.007,0.399,0.49
2020-259-359,-0.834913,-3.15228,0,42,26.89,0,0,0.007,0.15,0.294
2020-259-400,-0.834914,-3.09139,0,42,26.91,0,0,0.007,0.098,0.098
2020-259-401,-0.834914,-3.09139,0,42.02,26.96,0,0,0.007,0.098,0.098
2020-259-402,-0.834915,-3.09140,0,39.93,26.91,0,0,0.007,0.098,0.098
2020-259-403,-0.834915,-3.09140,0,25.82,26.88,0,0,0.007,0.098,0.098
2020-259-404,-0.848830,-3.09608,0,23.87,26.89,0,0,0.007,0.098,0.098
2020-259-405,-0.834915,-3.09140,0,22.02,26.88,0,0,0.007,0.201,0.392
2020-259-406,-0.834915,-3.09140,0,21.47,26.89,0,0,0.007,0.121,0.294
2020-259-407,-0.834916,-3.0914,0,14.72,26.93,0,0,0.007,0.356,0.49
2020-259-408,-0.834916,-3.0914,0,9.14,26.84,0,0,0.007,0.245,0.588
2020-259-409,-0.834916,-3.0914,0,0.124,26.77,0,0,0.007,0.546,0.686
2020-259-410,-0.834916,-3.09140,0,48.6,26.72,0,0,0.007,0.559,0.686
2020-259-411,-0.834916,-3.09140,0,82.5,26.68,0,0,0.007,0.675,0.882
2020-259-412,-0.64706,-3.09140,0,80.2,26.62,0,0,0.007,0.916,1.078
2020-259-413,0,-3.09140,0,76.65,26.6,0,0,0.007,0.813,0.98
2020-259-414,0,-2.59490,0,78.33,26.6,0,0,0.007,0.733,0.98
2020-259-415,0,-2.52932,0,81.9,26.65,0,0,0.007,0.555,0.784
2020-259-416,0,-2.42158,0,74.51,26.69,0,0,0.007,0.529,0.686
2020-259-417,0,-1.96724,0,0.596,26.69,-0.007,0,0.005,0.41,0.588
2020-259-418,-0.229599,-1.96723,0,0.608,26.68,0,0,0.007,0.31,0.49
2020-259-419,-0.146109,-1.96723,0,32.98,26.67,0,0,0.007,0.247,0.686
2020-259-420,0,-1.96723,0,73.83,26.67,0,0,0.007,0.799,0.98
2020-259-421,0,-2.32320,0,72.38,26.69,0,0,0.007,0.983,1.176
2020-259-422,0,-2.52930,0,76.68,26.67,0,0,0.007,1,1.176
2020-259-423,0,-1.98128,0,79.51,26.58,-0.007,0,0.005,1.032,1.176
2020-259-424,0,-1.96723,0,78.01,26.38,0,0,0.007,1.036,1.176
2020-259-425,0,-2.19206,0,76.43,26.24,0,0,0.007,1.135,1.372
2020-259-426,0,-2.52930,0,78.68,26.18,-0.007,0,0.005,0.786,1.274
2020-259-427,0,-2.52930,0,79.1,26.11,0,0,0.007,0.549,0.686
2020-259-428,0,-2.52931,0,74.74,26.07,0,0,0.007,1.013,1.176
2020-259-429,0,-2.52931,0,69.8,26.04,-0.001,0,0.006,0.769,1.176
2020-259-430,0,-2.52931,0,62.51,26.08,-0.006,0,0.005,0.475,0.686
2020-259-431,0,-2.52931,0,56.59,26.12,0,0,0.007,0.898,1.176
2020-259-432,0,-2.62768,0,56.06,26.11,0,0,0.007,0.988,1.176
2020-259-433,0,-2.52932,0,51.54,26.05,0,0,0.007,1.111,1.47
2020-259-434,-0.473117,-2.70731,0,46.83,25.99,0,0,0.007,1.04,1.274
2020-259-435,-0.834913,-3.09139,0,46.99,26.02,0,0,0.007,0.846,0.98
2020-259-436,-0.834913,-3.09139,0,47.14,26.02,0,0,0.007,0.603,0.784
2020-259-437,-0.834914,-3.09139,0,47.1,25.96,-0.007,0,0.005,0.394,0.588
2020-259-438,-0.834914,-3.09139,0,47.08,25.94,0,0,0.007,0.289,0.49
2020-259-439,-0.834915,-3.09140,0,47.07,25.88,0,0,0.007,0.369,0.588
2020-259-440,-0.834915,-3.20850,0,47.04,25.8,0,0,0.007,0.539,0.686
2020-259-441,-0.834915,-3.64410,0,46.1,25.74,-0.007,0,0.005,0.652,0.784
2020-259-442,-0.834915,-3.65347,0,43.5,25.67,0,0,0.007,0.737,0.882
2020-259-443,-0.834916,-3.65347,0,43.37,25.63,0,0,0.007,0.756,0.882
2020-259-444,-0.834916,-3.65347,0,43.37,25.59,-0.007,0,0.005,0.689,0.882
2020-259-445,-0.869704,-3.64411,0,43.34,25.51,0,0,0.007,0.485,0.686
2020-259-446,-0.855789,-3.64879,0,43.32,25.46,0,0,0.007,0.152,0.392
2020-259-447,-0.834916,-3.65348,0,43.33,25.4,-0.003,0,0.006,0.098,0.098
2020-259-448,-0.834916,-3.65348,0,43.34,25.37,-0.003,0,0.006,0.098,0.098
2020-259-449,-0.834916,-3.40054,0,43.34,25.33,0,0,0.007,0.098,0.098
2020-259-450,-0.834916,-3.09140,0,43.32,25.29,0,0,0.007,0.098,0.098
2020-259-451,-0.834916,-3.09140,0,43.36,25.28,-0.007,0,0.005,0.098,0.098
2020-259-452,-0.834916,-3.09140,0,58.93,25.35,0,0,0.007,0.098,0.098
2020-259-453,-0.834917,-3.09140,0,63.59,25.52,0,0,0.007,0.098,0.098
2020-259-454,-0.834917,-3.09140,0,67.02,25.63,-0.007,0,0.005,0.098,0.098
2020-259-455,-0.834917,-3.09140,0,67.02,25.66,0,0,0.007,0.098,0.098
2020-259-456,-0.834917,-3.09140,0,67.03,25.6,0,0,0.007,0.24,0.588
2020-259-457,-0.834917,-3.09140,0,66.57,25.61,-0.006,0,0.005,0.694,0.882
2020-259-458,-0.834917,-3.09141,0,69.76,25.67,0,0,0.007,0.652,0.882
2020-259-459,-0.660976,-3.05393,0,71.66,25.67,0,0,0.007,0.552,0.686
2020-259-500,-0.800129,-2.52933,0,71.48,25.65,-0.007,0,0.005,0.252,0.588
2020-259-501,-0.834917,-2.52933,0,70.32,25.63,0,0,0.007,0.567,0.882
2020-259-502,-0.834917,-2.52933,0,68.05,25.61,0,0,0.007,0.332,0.49
2020-259-503,-0.834917,-2.52933,0,67.27,25.57,-0.006,0,0.005,0.397,0.686
2020-259-504,-0.834917,-2.52933,0,58.53,25.55,0,0,0.007,0.732,1.176
2020-259-505,-0.834917,-2.76821,0,51.38,25.5,-0.006,0,0.005,1.018,1.176
2020-259-506,-0.807087,-3.09141,0,50.34,25.46,0,0,0.007,1.235,1.47
2020-259-507,-0.834917,-3.09141,0,49.2,25.36,0.004,0,0.007,1.189,1.372
2020-259-508,-0.821002,-3.09141,0,47.8,25.28,0.01,0,0.005,0.924,1.078
2020-259-509,-0.834917,-2.91342,0,46.91,25.27,0.031,0,0.007,0.843,0.98
2020-259-510,-0.834917,-2.52933,0,46.66,25.2,0.034,0,0.011,0.681,0.882
2020-259-511,-0.834917,-2.52933,0,47.24,25.16,0.026,0,0.008,0.511,0.686
2020-259-512,-0.834917,-2.52933,0,50.24,25.17,0.034,0,0.012,0.492,0.588
2020-259-513,-0.834917,-2.52933,0,51.82,25.18,0.038,0,0.013,0.372,0.588
2020-259-514,-0.834917,-2.35602,0,51.81,25.17,0.053,0,0.011,0.173,0.49
2020-259-515,-0.834917,-1.96726,0,51.82,25.11,0.068,0,0.013,0.098,0.098
2020-259-516,-0.834917,-1.69559,0,53.61,25.08,0.063,0,0.012,0.369,0.686
2020-259-517,-0.834917,-1.40518,0,54.6,25.09,0.097,0,0.014,0.529,0.686
2020-259-518,-0.834917,-1.11010,0,50.81,25.09,0.102,0,0.02,0.581,0.784
2020-259-519,-0.834917,-0.716644,0,47.72,25.02,0.112,0,0.018,0.854,0.98
2020-259-520,-0.834917,-0.281037,0,46.23,24.93,0.136,0,0.02,1.062,1.176
2020-259-521,-0.834917,0.074943,0,43.37,24.82,0.168,0.001,0.024,1.148,1.372
2020-259-522,-0.841874,0.281037,0,43.21,24.9,0.176,0.001,0.023,1.264,1.372
2020-259-523,-0.834917,0.281037,0,43.52,25.05,0.204,0.001,0.027,1.24,1.372
2020-259-524,-0.834917,0.281037,0,43.97,25.13,0.204,0.001,0.029,1.179,1.47
2020-259-525,-0.834916,0.669804,0.154570,45.56,25.28,0.23,0.001,0.033,1.065,1.274
2020-259-526,-0.834916,0.889949,0.889949,45.37,25.28,0.258,0.001,0.038,0.973,1.176
2020-259-527,-0.834917,1.41924,1.41924,45.13,25.27,0.286,0.001,0.038,0.892,1.078
2020-259-528,-0.834917,2.10309,2.10309,45.05,25.21,0.325,0.001,0.04,0.727,0.882
2020-259-529,-0.834917,2.77290,2.77290,38.85,25.13,0.353,0.001,0.04,0.763,0.882
2020-259-530,-0.333967,3.43333,3.43333,28.52,25.08,0.399,0.001,0.044,0.693,0.882
2020-259-531,0,4.17340,4.17340,25.74,25.08,0.441,0.001,0.047,0.807,1.078
2020-259-532,0.006958,4.75889,4.75874,22.72,25.13,0.474,0.001,0.049,0.934,1.176
2020-259-533,0,5.85493,5.85493,18.04,25.17,0.525,0.001,0.056,0.593,0.882
2020-259-534,0.083492,6.57158,6.56922,13.15,25.15,0.564,0.001,0.058,0.354,0.686
2020-259-535,0.814044,7.44279,7.41817,18.34,25.17,0.616,0.002,0.064,0.675,1.078
2020-259-536,0.834917,8.29058,8.26264,19.27,25.26,0.662,0.002,0.07,0.539,0.784
2020-259-537,0.758383,9.27421,9.24644,18.21,25.28,0.698,0.002,0.072,0.168,0.49
2020-259-538,0.027831,10.0236,10.0226,33.56,25.33,0.761,0.002,0.08,0.862,1.176
2020-259-539,0.006958,10.9417,10.9414,38.57,25.44,0.809,0.002,0.086,1.037,1.176
2020-259-540,0.048703,11.7567,11.7545,38.33,25.47,0.852,0.002,0.087,1.225,1.372
2020-259-541,0,12.8106,12.8106,39.68,25.59,0.917,0.002,0.096,1.511,1.862
2020-259-542,0,14.0987,14.0987,39.36,25.41,0.964,0.002,0.099,1.599,1.764
2020-259-543,0.006958,15.3633,15.3630,39.54,25.27,1.027,0.003,0.106,1.156,1.666
2020-259-544,0,16.7685,16.7685,38.18,25.1,1.084,0.003,0.113,1.062,1.274
2020-259-545,0,17.8974,17.8974,36,25,1.136,0.003,0.118,1.403,1.568
2020-259-546,0,18.8997,18.8997,34.44,25.06,1.201,0.003,0.124,1.449,1.568
2020-259-547,0.521823,20.0285,19.9916,31.97,25.29,1.258,0.003,0.132,1.517,1.764
2020-259-548,0.834917,21.1293,21.0677,27.74,25.38,1.306,0.003,0.136,1.308,1.764
2020-259-549,5.25302,22.3846,21.9755,19.19,25.24,1.376,0.004,0.143,0.978,1.176
2020-259-550,27.8375,24.7875,22.5371,16.31,25.23,1.437,0.004,0.15,1.008,1.176
2020-259-551,53.1146,28.7688,24.3040,12.27,25.36,1.491,0.004,0.154,0.665,0.882
2020-259-552,62.0413,32.1928,26.7695,19.23,25.4,1.56,0.004,0.163,0.346,0.784
2020-259-553,67.0299,34.2818,28.1925,24.96,25.46,1.625,0.004,0.171,0.474,0.882
2020-259-554,70.4392,36.1507,29.5099,25.6,25.47,1.678,0.004,0.175,0.139,0.588
2020-259-555,73.6953,37.8837,30.6823,34.17,25.64,1.755,0.005,0.184,0.98,1.274
2020-259-556,78.2387,39.6777,31.7633,32.27,25.83,1.82,0.005,0.192,1.075,1.274
2020-259-557,81.3696,41.6684,33.1589,28.32,25.77,1.884,0.005,0.199,1.125,1.274
2020-259-558,68.1849,41.5513,34.1911,30.58,25.77,1.95,0.005,0.206,1.124,1.274
2020-259-559,51.7301,40.7784,35.0216,28.85,25.88,2.016,0.005,0.214,1.739,1.862
2020-259-600,11.8836,36.9095,35.5517,28.49,26.08,2.085,0.006,0.221,1.604,1.764
2020-259-601,3.17268,36.8252,36.4503,28.07,26.03,2.151,0.006,0.228,1.488,1.862
2020-259-602,3.04745,38.1039,37.7324,28.99,26.03,2.217,0.006,0.236,1.134,1.274
2020-259-603,21.5617,41.5325,38.8167,32.25,25.99,2.283,0.006,0.243,1.204,1.47
2020-259-604,98.9446,54.0668,41.3086,34.14,25.93,2.353,0.006,0.251,1.45,1.764
2020-259-605,136.286,62.3386,44.3248,34.36,25.97,2.419,0.006,0.26,1.414,1.568
2020-259-606,142.896,64.8820,45.5020,35.89,25.99,2.486,0.007,0.268,1.446,1.568
2020-259-607,115.302,62.7040,46.6901,34.52,25.93,2.555,0.007,0.275,1.593,1.862
2020-259-608,63.9477,55.4673,46.3693,35.46,25.83,2.622,0.007,0.283,1.504,1.862
2020-259-609,34.9274,51.2190,46.1214,38.22,25.83,2.692,0.007,0.292,2.156,2.548
2020-259-610,21.5965,51.0316,47.8023,37.83,26.02,2.766,0.008,0.301,2.252,2.646
2020-259-611,71.5176,62.6572,51.7196,34.55,26,2.842,0.008,0.309,2.02,2.254
2020-259-612,43.0817,59.2660,52.5480,33.36,26.18,2.913,0.008,0.318,1.63,2.156
2020-259-613,15.3833,53.3267,50.8742,34.49,26.13,2.985,0.008,0.327,0.903,1.176
2020-259-614,11.6541,52.7225,50.8193,28.99,26.09,3.063,0.008,0.336,0.247,0.588
2020-259-615,6.62367,53.1862,52.0838,31.05,26.03,3.142,0.009,0.346,1.152,1.666
2020-259-616,5.64265,53.8982,52.9295,35.54,26.31,3.221,0.009,0.356,1.935,2.254
2020-259-617,10.9305,54.9427,53.0478,40.86,26.59,3.297,0.009,0.364,1.542,2.058
2020-259-618,10.1164,56.7085,54.9170,31.49,26.53,3.368,0.009,0.374,1.003,1.568
2020-259-619,16.1765,63.5330,60.6141,39.57,26.5,3.447,0.01,0.383,0.611,0.882
2020-259-620,30.2727,66.0109,60.4394,33.12,26.42,3.52,0.01,0.393,0.699,1.078
2020-259-621,51.4517,69.9407,60.2963,35.84,26.45,3.6,0.01,0.402,0.849,1.078
2020-259-622,28.7142,67.6783,62.2202,27.35,26.48,3.675,0.01,0.413,1.085,1.47
2020-259-623,4.84948,62.7227,61.7824,29.11,26.53,3.758,0.011,0.422,0.634,1.078
2020-259-624,4.72424,63.6267,62.6934,37.32,26.65,3.842,0.011,0.434,0.978,1.274
2020-259-625,18.3403,67.7392,64.0478,22.84,26.66,3.928,0.011,0.444,0.887,1.568
2020-259-626,19.4536,69.9782,66.0043,26.93,26.63,4.014,0.011,0.455,1.447,1.764
2020-259-627,10.3182,68.6526,66.5104,40.69,26.96,4.098,0.012,0.466,1.037,1.47
2020-259-628,11.8141,70.8587,68.3656,40.48,26.91,4.178,0.012,0.476,1.124,1.274
2020-259-629,5.92095,71.4630,70.1926,37.26,26.8,4.263,0.012,0.487,0.612,1.078
2020-259-630,9.03797,73.7815,71.8093,24.58,26.69,4.35,0.012,0.498,1.065,1.47
2020-259-631,9.35803,75.4162,73.3453,27.99,26.59,4.439,0.013,0.51,1.432,1.764
2020-259-632,15.0285,78.1563,74.7771,34.26,26.55,4.528,0.013,0.521,1.782,2.352
2020-259-633,56.1968,88.8357,75.9965,35.58,26.6,4.637,0.013,0.536,1.924,2.45
2020-259-634,29.6674,87.0371,80.1823,34.28,26.57,4.707,0.014,0.546,1.579,1.96
2020-259-635,14.3467,83.7817,80.4152,31.11,26.46,4.787,0.014,0.556,1.187,1.568
2020-259-636,7.54904,83.8004,82.0011,33.74,26.39,4.874,0.014,0.568,1.014,1.176
2020-259-637,10.3391,86.3954,83.8934,36.11,26.31,4.969,0.015,0.58,0.867,0.98
2020-259-638,18.8274,91.0606,86.4461,37.07,26.26,5.072,0.015,0.594,0.794,1.176
2020-259-639,25.4719,94.5173,88.1783,42.96,26.27,5.172,0.015,0.607,1.045,1.274
2020-259-640,125.029,119.815,88.2650,40.25,26.28,5.368,0.016,0.63,0.604,0.784
2020-259-641,292.144,171.461,96.8877,29.65,26.26,5.631,0.017,0.66,0.846,1.078
2020-259-642,128.640,137.994,104.810,29.62,26.27,5.553,0.016,0.656,0.663,0.98
2020-259-643,16.5870,99.8804,95.5349,30.73,26.3,5.51,0.016,0.654,0.132,0.49
2020-259-644,28.3593,103.112,95.5841,30.76,26.34,5.609,0.017,0.668,0.098,0.098
2020-259-645,146.263,134.101,94.7485,30.12,26.39,5.855,0.017,0.697,0.098,0.098
2020-259-646,219.019,163.090,103.512,27.61,26.45,6.064,0.018,0.722,0.319,0.686
2020-259-647,256.563,175.924,105.265,22.65,26.5,6.229,0.019,0.743,0.82,1.078
2020-259-648,295.143,192.374,110.118,26.35,26.55,6.401,0.019,0.764,0.573,0.784
2020-259-649,308.870,201.105,113.998,31.85,26.6,6.553,0.02,0.784,0.485,0.686
2020-259-650,240.052,186.290,117.816,31.63,26.62,6.563,0.02,0.789,0.168,0.588
2020-259-651,150.626,159.638,116.172,31.67,26.67,6.548,0.02,0.79,0.552,0.882
2020-259-652,116.61,148.757,114.706,32.74,26.69,6.596,0.02,0.8,0.826,0.882
2020-259-653,207.950,174.491,113.027,36.56,26.69,6.866,0.021,0.832,1.196,1.568
2020-259-654,341.523,224.516,122.520,38.51,26.69,7.232,0.022,0.875,1.452,1.568
2020-259-655,329.103,227.701,128.345,39.71,26.7,7.348,0.022,0.892,1.558,1.666
2020-259-656,241.534,203.124,129.434,40.5,26.62,7.322,0.022,0.893,1.532,1.764
2020-259-657,104.552,160.444,128.218,42.48,26.6,7.157,0.022,0.878,1.279,1.568
2020-259-658,83.6099,149.146,123.052,39.55,26.61,7.238,0.022,0.892,1.168,1.47
2020-259-659,214.852,194.946,127.218,34.94,26.63,7.678,0.024,0.943,0.969,1.176
2020-259-700,249.299,214.539,135.164,32.27,26.68,7.893,0.024,0.971,0.738,1.176
2020-259-701,275.188,224.712,136.182,32.93,26.72,8.11,0.025,0.998,0.596,0.882
2020-259-702,296.249,235.949,139.692,32.67,26.8,8.32,0.026,1.025,0.753,0.98
2020-259-703,329.068,246.797,138.775,35.17,26.89,8.52,0.026,1.052,0.354,0.588
2020-259-704,381.445,270.147,143.718,30.46,26.98,8.81,0.027,1.088,0.367,0.588
2020-259-705,333.911,256.891,145.135,25.91,27.04,8.85,0.027,1.097,0.67,0.882
2020-259-706,367.294,269.636,145.497,34.04,27.13,9.05,0.028,1.124,0.559,0.784
2020-259-707,392.425,283.374,149.476,25.23,27.2,9.24,0.029,1.149,0.572,0.98
2020-259-708,385.063,283.856,151.223,24.11,27.31,9.31,0.029,1.162,0.564,0.882
2020-259-709,416.185,296.550,151.857,24.73,27.39,9.55,0.03,1.194,0.858,1.078
2020-259-710,427.832,304.171,154.053,23.03,27.49,9.75,0.031,1.221,0.483,0.784
2020-259-711,414.501,305.248,158.490,20.75,27.58,9.83,0.031,1.235,0.483,0.784
2020-259-712,180.808,227.673,163.168,26.05,27.65,9.15,0.029,1.166,0.506,0.784
2020-259-713,22.3201,153.394,145.347,26.1,27.67,8.68,0.028,1.119,0.266,0.49
2020-259-714,51.2987,160.908,142.223,26.11,27.74,8.87,0.029,1.144,0.098,0.098
2020-259-715,58.6459,169.971,148.473,35.59,27.79,8.99,0.029,1.163,0.121,0.49
2020-259-716,42.0380,164.097,148.550,68.76,27.93,9.02,0.029,1.171,0.758,1.078
2020-259-717,30.6762,160.111,148.658,71.24,27.98,9.08,0.03,1.182,0.866,1.078
2020-259-718,118.927,192.126,147.299,76.8,27.97,9.53,0.031,1.238,0.634,0.784
2020-259-719,94.9300,197.428,161.415,82.2,28.03,9.55,0.031,1.246,0.782,1.078
2020-259-720,135.917,206.590,154.514,79.84,28.04,9.85,0.032,1.284,0.63,0.882
2020-259-721,79.9989,199.522,168.695,77.79,28.07,9.71,0.032,1.275,0.588,0.784
2020-259-722,30.5371,172.116,160.240,72.38,28.12,9.6,0.032,1.267,0.51,0.784
2020-259-723,51.6605,180.009,159.718,81.6,28.13,9.81,0.032,1.296,0.773,0.98
2020-259-724,132.286,221.298,169.024,82.7,28.15,10.29,0.034,1.356,0.745,0.98
2020-259-725,195.572,243.996,166.005,26.6,28.16,10.7,0.035,1.408,0.856,1.176
2020-259-726,143.334,240.216,182.661,2.08,28.19,10.63,0.035,1.406,0.648,0.784
2020-259-727,187.863,251.331,175.259,9.58,28.18,10.91,0.036,1.443,0.436,0.784
2020-259-728,385.933,341.802,184.402,9.51,28.2,11.88,0.039,1.559,0.124,0.294
2020-259-729,447.495,379.292,195.405,9.85,28.25,12.35,0.041,1.62,0.098,0.098
2020-259-730,417.208,385.320,212.576,57.65,28.36,12.39,0.041,1.631,0.379,0.686
2020-259-731,378.009,376.435,218.826,24.12,28.42,12.35,0.041,1.633,0.786,1.176
2020-259-732,252.354,333.801,227.813,5.774,28.43,11.94,0.04,1.591,0.417,0.882
2020-259-733,139.334,275.215,216.241,5.143,28.5,11.5,0.039,1.545,0.129,0.49
2020-259-734,95.6050,254.863,214.077,9.06,28.51,11.32,0.038,1.53,0.799,1.568
2020-259-735,118.551,280.091,229.188,15.35,28.51,11.71,0.04,1.58,0.263,0.686
2020-259-736,195.155,296.747,212.377,5.193,28.52,11.93,0.04,1.613,0.469,0.686
2020-259-737,180.676,289.370,210.667,12.34,28.56,12.03,0.041,1.63,0.287,0.49
2020-259-738,263.632,338.387,222.797,1.192,28.67,12.58,0.043,1.701,0.216,0.588
2020-259-739,253.495,343.891,232.011,31.66,28.78,12.63,0.043,1.712,0.51,0.686
2020-259-740,237.617,342.429,236.801,73.52,28.88,12.74,0.043,1.731,0.753,1.176
2020-259-741,387.617,410.061,236.542,63.38,28.91,13.57,0.046,1.837,0.452,0.882
2020-259-742,474.532,450.399,236.609,12.92,29.01,14.03,0.047,1.897,0.47,0.686
2020-259-743,469.022,453.359,240.652,9.71,29.11,14.13,0.048,1.916,0.276,0.784
2020-259-744,479.096,459.556,240.852,16.66,29.19,14.28,0.048,1.94,0.764,1.274
2020-259-745,471.443,460.675,244.069,17.31,29.18,14.33,0.049,1.954,0.693,0.882
2020-259-746,241.632,448.160,336.512,15.11,29.22,14.27,0.049,1.954,0.601,0.882
2020-259-747,167.610,466.98,388.971,6.339,29.27,14.58,0.05,1.998,0.773,1.176
2020-259-748,373.215,475.711,300.967,34.78,29.26,14.8,0.051,2.031,0.836,1.176
2020-259-749,204.903,480.404,383.822,12.09,29.29,14.89,0.051,2.049,0.658,1.176
2020-259-750,432.299,486.184,281.115,9.11,29.28,15.08,0.052,2.08,0.823,1.176
2020-259-751,485.859,489.791,257.962,23,29.37,15.21,0.053,2.103,0.446,0.882
2020-259-752,475.360,489.472,261.281,5.111,29.47,15.32,0.053,2.125,1.071,1.568
2020-259-753,458.049,473.973,252.725,6.239,29.48,15.31,0.053,2.13,1.32,1.862
2020-259-754,280.240,498.831,362.709,33.76,29.55,15.57,0.054,2.17,1.738,2.254
2020-259-755,298.483,505.693,359.794,42.25,29.61,15.79,0.055,2.204,1.984,2.646
2020-259-756,251.011,510.213,386.787,85.3,29.56,15.96,0.056,2.232,1.624,1.96
2020-259-757,305.844,514.414,363.158,18.5,29.57,16.13,0.057,2.262,1.48,1.96
2020-259-758,178.143,407.517,318.948,10.87,29.57,14.83,0.053,2.107,1.408,2.058
2020-259-759,171.735,390.992,305.154,5.649,29.57,14.78,0.053,2.108,1.612,2.156
2020-259-800,84.0900,299.234,256.894,7.732,29.49,13.94,0.05,2.009,1.416,1.862
2020-259-801,222.561,396.576,283.973,13.24,29.65,15.16,0.054,2.169,1.212,1.568
2020-259-802,450.987,487.519,258.023,19.12,29.65,16.4,0.058,2.332,1.024,1.568
2020-259-803,504.011,538.644,280.796,16.32,29.65,16.96,0.06,2.412,1.442,1.96
2020-259-804,373.966,491.491,299.229,19.62,29.72,16.29,0.058,2.336,0.761,1.176
2020-259-805,380.103,461.940,265.255,13,29.81,16.43,0.059,2.36,1.075,1.47
2020-259-806,460.317,535.174,295.866,11.03,29.8,17.16,0.062,2.462,1.127,1.47
2020-259-807,419.524,495.382,276.000,59.71,29.86,17.05,0.061,2.455,0.544,1.274
2020-259-808,345.138,485.216,303.897,79.59,30,16.79,0.061,2.431,1.537,2.254
2020-259-809,171.574,386.464,295.848,85.2,29.89,15.72,0.058,2.301,1.566,1.862
2020-259-810,171.664,367.596,276.365,82.5,29.82,15.83,0.058,2.321,1.903,2.45
2020-259-811,504.297,547.635,278.412,79.86,29.79,18.29,0.066,2.646,1.8,2.352
2020-259-812,516.034,566.539,289.670,81.9,29.98,18.42,0.067,2.672,1.29,1.764
2020-259-813,523.075,570.740,288.659,84.4,30.06,18.63,0.068,2.709,1.297,1.862
2020-259-814,522.811,572.881,289.527,82,30.04,18.77,0.068,2.736,0.629,1.176
2020-259-815,500.784,561.143,288.360,69.57,30.14,18.73,0.068,2.74,0.541,0.882
2020-259-816,537.603,579.729,285.445,83.5,30.23,19.17,0.07,2.805,1.313,1.764
2020-259-817,538.828,582.376,285.981,44.99,30.3,19.29,0.071,2.83,1.495,2.254
2020-259-818,519.299,575.908,288.878,47.15,30.32,19.29,0.071,2.839,1.148,1.96
2020-259-819,493.000,564.691,290.875,25.07,30.39,19.27,0.071,2.844,1.05,1.274
2020-259-820,499.679,562.209,283.322,82.3,30.46,19.41,0.072,2.871,0.869,1.372
2020-259-821,530.147,570.284,273.016,81.4,30.55,19.61,0.073,2.907,0.89,1.176
2020-259-822,545.579,584.664,277.306,81.6,30.58,19.82,0.074,2.943,0.898,1.274
2020-259-823,493.586,561.203,281.879,22.53,30.58,19.46,0.073,2.902,0.511,0.882
2020-259-824,504.447,557.742,270.925,40.44,30.6,19.6,0.073,2.93,0.323,0.784
2020-259-825,511.690,563.522,271.240,82.1,30.73,19.79,0.074,2.964,0.931,1.372
2020-259-826,532.278,576.479,271.05,75.8,30.65,19.96,0.075,2.996,0.99,1.862
2020-259-827,550.758,586.446,268.992,78.46,30.58,20.21,0.076,3.037,1.156,1.764
2020-259-828,555.225,589.482,268.023,85.4,30.58,20.36,0.077,3.065,1.3,1.666
2020-259-829,553.666,588.498,266.521,81.9,30.56,20.45,0.077,3.085,0.987,1.372
2020-259-830,562.037,593.318,265.036,82.5,30.63,20.6,0.078,3.114,1.493,1.96
2020-259-831,424.318,523.879,275.010,20.32,30.67,19.59,0.075,2.985,1.597,1.96
2020-259-832,514.391,559.046,255.948,59.63,30.7,20.49,0.078,3.115,1.387,1.96
2020-259-833,558.596,592.547,262.025,85.6,30.75,20.86,0.079,3.173,1.555,1.862
2020-259-834,566.304,602.236,265.740,65.2,30.67,21.04,0.08,3.205,1.284,1.666
2020-259-835,559.965,602.071,267.940,86.7,30.66,21.07,0.08,3.219,1.37,1.666
2020-259-836,551.385,601.494,271.108,75.69,30.58,21.13,0.081,3.234,0.665,1.078
2020-259-837,569.154,612.468,270.023,79.56,30.72,21.31,0.082,3.267,1.233,1.666
2020-259-838,577.789,621.489,272.421,28.83,30.89,21.52,0.083,3.302,0.815,1.274
2020-259-839,574.122,625.232,276.974,6.481,30.89,21.53,0.083,3.312,0.518,0.882
2020-259-840,439.035,560.206,292.863,7.778,30.87,20.4,0.079,3.163,0.585,0.882
2020-259-841,380.077,491.236,258.795,66.87,30.96,19.89,0.078,3.1,0.844,1.862
2020-259-842,400.998,524.249,278.036,74.54,31.18,20.39,0.079,3.177,1.939,2.254
2020-259-843,223.505,435.208,297.494,52.62,31.07,18.84,0.074,2.967,1.537,2.156
2020-259-844,364.110,485.027,259.671,23.72,30.86,20.21,0.079,3.165,1.681,2.058
2020-259-845,491.942,588.494,282.960,72.01,30.68,21.34,0.083,3.331,1.437,1.764
2020-259-846,388.914,540.681,298.142,7.446,30.65,20.6,0.081,3.234,0.725,1.176
2020-259-847,149.003,398.602,305.403,3.573,30.74,18.24,0.073,2.908,0.541,0.784
2020-259-848,54.4493,308.974,274.76,55.39,30.81,17.31,0.069,2.779,0.534,0.882
2020-259-849,318.986,468.49,267.382,81.1,30.94,19.9,0.079,3.154,1.044,1.764
2020-259-850,217.642,418.559,280.796,38.31,30.99,19.22,0.077,3.066,1.326,1.96
2020-259-851,148.589,403.300,308.962,7.394,31.06,18.75,0.075,3.006,1.078,1.372
2020-259-852,196.865,415.964,290.408,62.87,31.22,19.45,0.078,3.113,1.354,2.058
2020-259-853,292.800,483.521,296.244,69.72,31.37,20.19,0.081,3.226,2.024,2.548
2020-259-854,97.5551,356.023,293.369,82.6,31.31,18.45,0.075,2.984,1.423,2.254
2020-259-855,218.215,416.966,276.316,78.92,31.24,19.69,0.079,3.168,1.561,1.862
2020-259-856,461.197,606.670,308.488,81.2,31.2,22.39,0.089,3.566,1.305,1.764
2020-259-857,103.997,391.576,324.115,81.2,31.28,18.94,0.077,3.075,1.07,2.156
2020-259-858,80.4814,359.439,307.027,82,31.4,18.76,0.076,3.055,1.375,2.156
2020-259-859,169.805,416.608,305.640,78.91,31.52,19.82,0.08,3.215,2.042,2.646
2020-259-900,517.117,646.830,307.743,81.6,31.47,23.47,0.094,3.75,1.648,2.45
2020-259-901,600.619,739.151,344.067,79.57,31.5,24.34,0.097,3.885,1.302,1.862
2020-259-902,596.794,742.989,349.120,79.43,31.43,24.44,0.098,3.908,1.633,2.254
2020-259-903,591.446,743.000,351.372,79.91,31.53,24.5,0.098,3.926,1.534,2.254
2020-259-904,559.827,725.429,353.522,81.2,31.45,24.28,0.098,3.902,1.681,2.45
2020-259-905,529.001,704.964,352.351,81,31.37,24.17,0.097,3.893,1.444,2.352
2020-259-906,580.228,749.108,361.167,73.78,31.47,24.87,0.1,4.004,1.736,2.45
2020-259-907,426.804,663.362,377.102,68.99,31.36,23.47,0.095,3.807,1.277,1.862
2020-259-908,289.569,555.712,360.862,72.75,31.29,22.12,0.09,3.616,1.668,2.45
2020-259-909,190.344,505.493,377.037,71.87,31.11,21.04,0.087,3.46,1.725,2.254
2020-259-910,239.122,502.711,340.775,79.04,31.24,21.45,0.088,3.524,1.459,2.156
2020-259-911,177.849,496.805,376.069,77.01,31.38,20.81,0.086,3.436,1.646,2.254
2020-259-912,330.026,567.774,342.907,74.45,31.4,22.49,0.092,3.693,1.346,1.862
2020-259-913,172.158,481.490,363.849,76.44,31.55,20.77,0.086,3.442,0.969,1.568
2020-259-914,77.1701,417.144,364.258,82.8,31.7,19.69,0.082,3.284,1.571,2.548
2020-259-915,286.216,535.558,338.810,81,31.69,21.91,0.091,3.622,1.302,1.862
2020-259-916,99.0648,434.021,365.739,70.49,31.77,20.02,0.084,3.344,1.532,2.156
2020-259-917,116.437,452.981,372.489,69.37,31.81,20.42,0.085,3.411,1.019,1.666
2020-259-918,51.7624,397.494,361.604,72.53,31.82,19.45,0.082,3.268,1.055,1.96
2020-259-919,61.8717,398.484,355.451,78.02,31.92,19.61,0.082,3.297,0.844,1.47
2020-259-920,123.855,450.791,364.444,65.36,32.12,20.48,0.086,3.437,0.446,0.882
2020-259-921,76.2732,414.098,360.760,71.22,32.07,19.84,0.084,3.344,1.075,2.254
2020-259-922,59.0465,395.033,353.619,72.5,31.7,19.52,0.082,3.3,1.81,2.254
2020-259-923,76.5509,409.847,356.044,69.45,31.55,19.58,0.083,3.314,0.856,1.47
2020-259-924,16.8783,363.019,351.120,73.58,31.6,18.66,0.079,3.176,1.365,1.764
2020-259-925,12.3421,358.83,350.103,70.43,31.46,18.61,0.079,3.173,1.129,1.568
2020-259-926,17.5321,365.075,352.646,76.76,31.62,18.82,0.08,3.212,1.315,1.96
2020-259-927,19.5844,372.344,358.423,77.11,31.84,19.05,0.081,3.252,2.313,3.136
2020-259-928,74.4065,413.998,360.949,75.67,31.54,20.15,0.086,3.429,2.277,2.94
2020-259-929,156.284,497.329,385.654,75.11,31.45,21.75,0.092,3.686,2.198,2.842
2020-259-930,290.114,574.528,366.659,71.01,31.43,23.4,0.099,3.946,1.61,2.156
2020-259-931,394.906,639.837,356.223,71.37,31.54,24.45,0.103,4.117,1.823,2.352
2020-259-932,433.6,666.798,354.542,72.68,31.57,25.1,0.106,4.226,1.779,2.352
2020-259-933,514.591,749.946,378.552,72.48,31.71,25.94,0.109,4.365,1.635,2.548
2020-259-934,550.481,758.493,360.161,76.97,31.92,26.41,0.111,4.446,1.535,1.96
2020-259-935,552.416,770.286,369.597,80.9,31.87,26.46,0.112,4.461,1.281,1.568
2020-259-936,452.673,698.098,368.963,76.8,31.94,25.43,0.108,4.312,0.776,1.274
2020-259-937,491.526,709.126,350.836,77.68,32.07,25.98,0.11,4.403,1.351,1.862
2020-259-938,618.183,802.743,351.095,77.69,32.1,27.3,0.115,4.615,1.465,2.156
2020-259-939,618.810,804.580,351.407,76.8,32.1,27.3,0.116,4.623,1.918,2.548
2020-259-940,625.370,810.798,351.753,74.54,31.9,27.52,0.117,4.666,1.421,1.862
2020-259-941,626.157,812.425,351.745,76.06,31.91,27.55,0.117,4.677,1.39,2.45
2020-259-942,596.556,793.955,354.055,72.27,31.96,27.16,0.116,4.624,0.875,1.666
2020-259-943,603.471,793.125,347.118,74.34,32.09,27.15,0.116,4.628,0.224,0.686
2020-259-944,618.845,804.031,345.636,75.98,32.3,27.08,0.116,4.624,0.593,0.882
2020-259-945,460.220,697.675,356.037,84.5,32.38,25.28,0.109,4.347,1.081,1.666
2020-259-946,477.175,697.058,342.040,63.64,32.39,25.25,0.109,4.347,1.241,2.156
2020-259-947,232.82,536.775,363.274,74.14,32.49,21.93,0.096,3.827,1.81,2.352
2020-259-948,21.1351,335.397,319.607,76.8,32.62,18.88,0.083,3.34,1.731,2.352
2020-259-949,10.0528,317.324,309.797,76.82,32.86,18.4,0.082,3.262,1.491,2.646
2020-259-950,3.78457,308.730,305.890,80.5,32.55,18.1,0.08,3.215,1.888,2.744
2020-259-951,1.78793,304.369,303.024,76.96,32.55,17.92,0.08,3.186,1.929,2.744
2020-259-952,-0.229579,301.512,301.339,69.22,32.39,17.79,0.079,3.166,2.345,2.842
2020-259-953,-1.98272,300.679,300.679,84.9,32.16,17.68,0.079,3.151,2.076,2.45
2020-259-954,-2.92193,300.769,300.769,80.8,31.99,17.61,0.079,3.14,2.086,2.646
2020-259-955,-3.28369,301.458,301.458,87.2,31.88,17.55,0.078,3.131,1.671,1.862
2020-259-956,-3.12368,303.369,303.369,41.87,31.86,17.52,0.078,3.131,1.343,1.862
2020-259-957,-3.42282,305.850,305.850,11.27,31.93,17.55,0.078,3.134,1.307,1.764
2020-259-958,-4.46635,308.692,308.692,3.735,32,17.59,0.079,3.144,0.784,1.666
2020-259-959,-4.28546,312.630,312.630,16.5,32.15,17.67,0.079,3.161,1.2,2.254
2020-259-1000,-3.24887,319.144,319.144,82,32.37,17.82,0.08,3.188,2.042,2.352
2020-259-1001,0.250446,327.975,327.532,80.1,32.29,18.04,0.081,3.228,1.789,2.45
2020-259-1002,4.60541,336.226,332.687,84.4,32.17,18.28,0.082,3.269,1.677,1.96
2020-259-1003,15.2006,350.326,338.629,84.2,32.09,18.65,0.083,3.333,1.112,1.568
2020-259-1004,9.42642,355.139,347.873,85.7,32.18,18.75,0.084,3.353,0.395,0.686
2020-259-1005,23.8268,370.832,352.425,83.4,32.27,19.27,0.086,3.443,0.098,0.098
2020-259-1006,137.757,441.000,334.401,78.5,32.37,21.01,0.093,3.732,0.098,0.098
2020-259-1007,215.727,524.563,357.373,73.27,32.51,22.49,0.1,3.981,0.653,1.764
2020-259-1008,41.4826,425.683,393.485,71.76,32.51,20.48,0.091,3.657,1.07,1.47
2020-259-1009,56.6271,431.915,387.873,15.08,32.51,21.05,0.094,3.756,0.887,1.274
2020-259-1010,126.138,487.594,389.351,41.59,32.66,22.27,0.099,3.965,0.991,1.568
2020-259-1011,183.809,537.421,393.976,83.5,32.71,23.46,0.104,4.165,1.646,2.254
2020-259-1012,162.529,565.521,438.545,65.8,32.55,23.3,0.104,4.148,1.135,1.47
2020-259-1013,68.0014,483.995,430.772,73.34,32.66,22.32,0.1,3.996,0.903,1.372
2020-259-1014,278.329,602.159,383.939,81.5,32.71,24.88,0.11,4.42,0.395,0.784
2020-259-1015,62.5543,477.812,428.704,74.25,32.81,22.18,0.1,3.986,0.97,1.862
2020-259-1016,61.6220,460.835,412.366,39.75,32.73,22.43,0.101,4.033,1.336,1.764
2020-259-1017,243.219,591.044,399.462,3.508,32.65,25.25,0.113,4.502,1.272,1.568
2020-259-1018,627.923,908.503,413.246,12.33,32.88,30.39,0.134,5.348,1.024,1.372
2020-259-1019,623.677,939.353,446.728,9.37,32.94,30.55,0.135,5.382,1.375,1.568
2020-259-1020,648.368,953.191,440.315,5.838,33.12,30.88,0.136,5.444,1.086,1.568
2020-259-1021,500.379,860.636,464.319,13.12,33.08,28.91,0.128,5.132,0.99,1.47
2020-259-1022,298.040,684.717,448.258,18.56,32.96,26.96,0.121,4.82,1.222,1.764
2020-259-1023,126.828,562.424,461.699,15.91,32.86,24.21,0.109,4.375,1.173,1.568
2020-259-1024,108.629,497.554,411.149,29.01,33.03,23.76,0.108,4.304,1.014,1.372
2020-259-1025,160.601,541.916,413.946,65.13,33.07,24.93,0.112,4.497,0.779,1.176
2020-259-1026,669.186,938.250,404.507,63.28,33.19,31.44,0.139,5.572,0.207,0.588
2020-259-1027,662.033,946.074,417.351,60.87,33.47,31.22,0.139,5.542,0.634,1.764
2020-259-1028,657.733,934.832,408.858,66.85,33.47,31.04,0.138,5.519,1.217,1.568
2020-259-1029,665.738,945.086,412.034,76.85,33.49,30.99,0.138,5.516,2.105,3.234
2020-259-1030,571.672,892.715,434.435,77.14,33.51,29.79,0.133,5.323,2.483,2.94
2020-259-1031,579.193,868.879,403.973,80.1,33.38,29.77,0.133,5.325,2.215,3.038
2020-259-1032,220.309,597.453,420.441,80.7,33.49,24.57,0.112,4.472,1.712,2.156
2020-259-1033,138.394,495.402,384.049,82.2,33.42,23.39,0.107,4.277,1.387,2.254
2020-259-1034,45.8786,423.218,386.264,78.46,33.51,21.64,0.1,3.983,0.98,1.96
2020-259-1035,25.1201,395.136,374.878,78.19,33.43,21.02,0.097,3.878,1.024,1.666
2020-259-1036,32.6470,390.354,363.992,70.12,33.54,21.03,0.097,3.881,1.232,2.156
2020-259-1037,96.7999,472.950,394.704,78.41,33.69,22.38,0.103,4.11,1.911,2.45
2020-259-1038,28.8486,397.157,373.816,83.3,33.56,20.77,0.096,3.842,2.153,2.548
2020-259-1039,19.4156,388.371,372.643,74.93,33.48,20.68,0.096,3.828,1.983,2.45
2020-259-1040,41.5439,413.082,379.391,74.46,33.6,21.32,0.098,3.939,1.593,2.156
2020-259-1041,49.9819,426.942,386.368,72.96,33.34,21.68,0.1,4.003,1.135,1.568
2020-259-1042,124.763,488.500,387.125,70.47,33.3,23.14,0.106,4.257,1.145,1.568
2020-259-1043,111.080,481.062,390.705,80.9,33.27,23.28,0.107,4.284,1.093,1.568
2020-259-1044,592.495,855.175,372.767,82.3,33.28,30.54,0.137,5.495,0.505,0.784
2020-259-1045,679.283,966.501,412.933,20.94,33.4,31.72,0.142,5.699,0.552,1.274
2020-259-1046,348.855,710.055,425.537,72.31,33.65,26.7,0.122,4.88,1.145,1.764
2020-259-1047,254.130,591.063,383.570,63.33,33.77,25.89,0.119,4.751,1.499,2.254
2020-259-1048,223.620,558.496,375.762,78.74,33.72,25.3,0.116,4.658,1.638,2.058
2020-259-1049,216.302,547.983,371.068,68.39,33.74,25.3,0.117,4.663,1.555,2.156
2020-259-1050,421.332,708.048,363.145,74.94,33.69,28.32,0.129,5.169,0.733,1.274
2020-259-1051,235.667,595.981,402.916,78.96,33.85,25.7,0.118,4.738,0.954,1.568
2020-259-1052,65.1668,435.623,382.191,68.88,33.85,22.78,0.106,4.248,1.439,2.548
2020-259-1053,60.1652,421.466,372.090,72.19,33.51,22.82,0.106,4.257,2.038,2.45
2020-259-1054,143.642,483.612,365.640,69.56,33.38,24.59,0.114,4.564,1.106,1.47
2020-259-1055,231.982,565.513,374.839,4.668,33.49,26.32,0.121,4.858,0.898,1.372
2020-259-1056,696.299,946.318,373.602,51.05,33.79,33.34,0.151,6.034,0.103,0.196
2020-259-1057,585.028,884.722,403.210,64.66,34.19,31.46,0.143,5.736,0.606,1.176
2020-259-1058,325.447,647.203,379.118,78.27,34.25,28.55,0.131,5.258,0.939,1.568
2020-259-1059,691.494,940.120,370.144,71.37,34.26,33.8,0.153,6.135,0.689,1.666
2020-259-1100,714.264,964.944,375.818,66.66,34.48,33.92,0.154,6.166,1.269,1.764
2020-259-1101,716.366,959.404,368.160,67.78,34.52,34.09,0.155,6.204,0.869,1.176
2020-259-1102,717.910,954.801,361.905,75.93,34.57,34.13,0.155,6.218,1.29,1.862
2020-259-1103,720.227,952.263,357.088,79.76,34.61,34.22,0.156,6.241,1.049,2.156
2020-259-1104,716.915,942.751,349.958,79.43,34.67,34.14,0.156,6.234,1.774,2.548
2020-259-1105,718.251,937.093,342.856,77.28,34.34,34.06,0.156,6.229,1.295,1.666
2020-259-1106,721.199,929.210,332.206,74.8,34.22,34.02,0.156,6.225,1.395,1.862
2020-259-1107,721.202,920.577,323.249,68.17,34.37,33.91,0.155,6.214,1.125,1.666
2020-259-1108,722.354,914.748,316.153,57.16,34.69,33.85,0.155,6.209,0.862,1.372
2020-259-1109,723.882,909.946,309.781,63.86,34.98,33.82,0.155,6.207,1.429,2.45
2020-259-1110,728.034,908.689,304.790,64.25,35.04,33.94,0.156,6.233,1.339,2.058
2020-259-1111,732.489,906.618,298.746,53.63,35.09,34.1,0.157,6.261,1.338,1.764
2020-259-1112,730.146,902.433,296.238,49.42,34.96,33.93,0.156,6.238,0.841,1.176
2020-259-1113,728.388,896.187,291.192,46.15,35.15,33.78,0.155,6.218,0.836,1.176
2020-259-1114,726.956,890.967,286.913,46.8,35.04,33.67,0.155,6.2,0.758,1.568
2020-259-1115,725.874,886.205,282.814,44.56,35.01,33.6,0.155,6.191,0.746,1.078
2020-259-1116,720.615,880.028,280.785,37.27,34.91,33.4,0.154,6.158,0.916,1.568
2020-259-1117,719.322,876.156,277.786,48.86,34.79,33.26,0.153,6.139,1.29,1.666
2020-259-1118,718.563,872.356,274.416,55.67,34.9,33.01,0.152,6.1,1.682,2.156
2020-259-1119,720.140,868.053,268.611,53.12,34.95,32.94,0.152,6.086,0.983,1.666
2020-259-1120,722.851,866.275,264.395,56.48,35.22,32.91,0.152,6.083,1.694,2.744
2020-259-1121,720.858,863.320,262.931,52.17,35.11,32.81,0.152,6.068,1.638,2.352
2020-259-1122,718.338,862.652,264.209,50.84,34.71,32.88,0.152,6.08,2.13,3.136
2020-259-1123,716.517,862.972,265.907,50.59,34.65,32.92,0.152,6.088,1.606,2.156
2020-259-1124,719.083,861.5,262.161,55.87,34.94,32.96,0.152,6.097,2.009,2.45
2020-259-1125,720.259,862.359,261.916,48.01,34.77,32.95,0.152,6.096,1.679,2.45
2020-259-1126,717.376,862.472,264.320,45.25,34.65,32.94,0.152,6.095,1.119,1.666
2020-259-1127,716.287,860.964,263.618,45.29,34.8,32.89,0.152,6.089,1.235,1.862
2020-259-1128,717.678,859.105,260.517,51.31,35,32.84,0.152,6.081,0.84,1.862
2020-259-1129,718.926,857.864,258.157,57.19,35.36,32.79,0.152,6.075,1.491,2.156
2020-259-1130,723.347,860.057,256.593,55.6,35.21,33,0.153,6.112,1.24,2.058
2020-259-1131,720.520,857.295,256.132,60.44,35.31,32.95,0.153,6.104,0.301,1.078
2020-259-1132,716.384,849.875,252.117,68.71,35.34,32.87,0.152,6.093,0.939,1.274
2020-259-1133,724.899,855.300,250.401,60.2,35.43,32.98,0.153,6.111,1.078,1.568
2020-259-1134,731.050,859.062,249.014,55.93,35.48,33.17,0.154,6.143,1.168,1.764
2020-259-1135,731.392,859.685,249.339,51.42,35.56,33.17,0.154,6.145,1.001,1.666
2020-259-1136,729.284,858.473,249.883,55.6,35.33,33.12,0.153,6.137,1.591,2.254
2020-259-1137,729.333,859.499,250.876,63.32,35.4,33.15,0.154,6.143,1.266,2.058
2020-259-1138,731.539,858.483,248.040,64.37,35.54,33.19,0.154,6.151,0.916,1.47
2020-259-1139,730.692,855.569,245.870,53.85,35.5,33.09,0.153,6.133,1.018,1.274
2020-259-1140,729.786,852.509,243.613,61.78,35.49,33.02,0.153,6.122,0.76,1.176
2020-259-1141,730.028,852.212,243.167,72.09,35.63,33.03,0.153,6.123,0.728,1.372
2020-259-1142,726.507,848.731,242.688,77.51,35.66,32.97,0.153,6.114,1.388,2.94
2020-259-1143,726.238,849.222,243.479,71.64,35.6,33.03,0.153,6.123,1.526,2.156
2020-259-1144,728.989,850.388,242.438,76.67,35.23,33.1,0.153,6.135,1.527,2.156
2020-259-1145,733.755,853.229,241.411,78.9,35.11,33.27,0.154,6.162,0.991,1.372
2020-259-1146,736.202,853.509,239.763,84.6,35.24,33.37,0.155,6.18,1.483,1.96
2020-259-1147,735.997,852.780,239.326,83.4,35.34,33.38,0.155,6.182,1.073,1.568
2020-259-1148,736.356,851.732,238.112,72.02,35.43,33.32,0.154,6.171,1.382,2.156
2020-259-1149,733.255,847.230,236.338,60.77,35.47,33.14,0.154,6.14,1.094,1.568
2020-259-1150,733.378,845.528,234.692,52.42,35.59,33.11,0.153,6.135,1.341,2.156
2020-259-1151,733.661,844.926,234.028,82.6,35.61,33.1,0.153,6.132,1.096,1.47
2020-259-1152,733.797,842.098,231.265,57.78,35.51,32.98,0.153,6.113,0.462,1.078
2020-259-1153,736.237,840.219,227.545,53.79,35.92,32.93,0.153,6.105,1.058,1.96
2020-259-1154,738.832,840.716,226.083,51.92,36.34,32.96,0.153,6.11,1.199,2.058
2020-259-1155,738.394,839.944,225.888,38.14,36.58,32.94,0.153,6.107,0.305,0.686
2020-259-1156,739.526,841.070,226.305,35.26,36.62,33.02,0.153,6.119,0.769,1.176
2020-259-1157,737.099,838.163,225.654,60.09,36.7,32.87,0.152,6.094,1.344,2.156
2020-259-1158,736.396,837.914,226.235,55.46,36.68,32.78,0.152,6.077,0.861,1.274
2020-259-1159,733.424,832.901,223.947,51.6,36.72,32.62,0.151,6.048,0.697,1.176
2020-259-1200,732.736,832.246,224.131,45.84,36.67,32.6,0.151,6.042,0.918,1.47
2020-259-1201,735.343,834.844,224.845,40.63,36.57,32.8,0.152,6.074,0.724,1.274
2020-259-1202,737.512,837.409,225.912,53.61,36.64,32.89,0.152,6.087,0.809,1.568
2020-259-1203,740.066,839.175,225.865,62.73,36.73,32.94,0.152,6.094,0.501,1.47
2020-259-1204,737.031,836.639,226.157,50.1,36.89,32.8,0.152,6.068,0.108,0.294
2020-259-1205,731.466,830.411,224.861,66.37,37.21,32.57,0.151,6.027,0.098,0.098
2020-259-1206,729.289,827.990,224.576,78.87,37.35,32.39,0.15,5.994,0.753,1.568
2020-259-1207,727.479,827.103,225.534,79.26,36.79,32.29,0.149,5.975,1.932,2.45
2020-259-1208,729.319,829.568,226.839,76.53,36.74,32.41,0.15,5.992,1.573,2.254
2020-259-1209,732.245,832.155,227.375,71.61,36.73,32.53,0.15,6.011,1.39,2.156
2020-259-1210,741.812,840.326,228.028,70.94,36.72,32.89,0.152,6.075,0.784,1.666
2020-259-1211,739.628,840.494,230.393,62.94,37.09,32.76,0.151,6.05,1.382,2.352
2020-259-1212,730.057,836.430,234.623,67.48,36.99,32.42,0.15,5.987,1.705,2.646
2020-259-1213,720.515,830.194,236.667,70.25,36.6,32.07,0.148,5.927,1.73,2.548
2020-259-1214,713.997,822.743,235.000,65.65,36.67,31.78,0.147,5.874,0.795,1.568
2020-259-1215,710.555,818.324,233.836,64.17,36.88,31.63,0.146,5.847,0.993,1.862
2020-259-1216,702.731,812.173,234.548,75.86,37.05,31.45,0.145,5.811,1.232,2.352
2020-259-1217,707.038,814.336,233.612,63.97,36.99,31.41,0.145,5.8,0.377,1.078
2020-259-1218,709.015,814.844,232.951,51.74,37.14,31.38,0.145,5.792,1.646,2.744
2020-259-1219,704.892,813.750,235.710,48.99,36.82,31.17,0.144,5.753,1.671,2.352
2020-259-1220,698.154,807.53,235.482,56.15,36.84,30.91,0.143,5.705,1.196,1.764
2020-259-1221,694.794,804.139,235.319,54.98,36.88,30.78,0.142,5.678,1.196,2.058
2020-259-1222,689.812,799.843,235.584,57.83,36.81,30.58,0.141,5.639,0.297,0.784
2020-259-1223,684.857,793.706,233.989,38.2,36.99,30.48,0.14,5.617,0.283,0.588
2020-259-1224,693.973,799.990,233.337,27.35,37.2,30.95,0.142,5.691,0.158,0.784
2020-259-1225,700.977,808.302,236.453,49.58,37.37,31.24,0.143,5.734,1.124,1.862
2020-259-1226,697.018,805.294,237.204,61.98,37.36,30.99,0.142,5.688,1.411,2.156
2020-259-1227,688.613,798.052,237.345,46.73,37.38,30.62,0.141,5.623,0.99,1.96
2020-259-1228,682.759,794.788,239.386,49.82,37.2,30.36,0.139,5.573,1.437,2.058
2020-259-1229,684.031,797.363,241.477,65.23,37.04,30.42,0.139,5.578,1.14,2.548
2020-259-1230,682.410,795.532,241.532,65.08,37.07,30.34,0.139,5.559,0.555,1.568
2020-259-1231,679.654,792.186,240.991,73.93,37.08,30.19,0.138,5.528,1.901,2.744
2020-259-1232,671.068,788.793,245.130,70.25,36.74,29.94,0.137,5.481,2.359,3.234
2020-259-1233,672.060,789.427,245.541,72.26,36.79,29.96,0.137,5.479,2.538,4.018
2020-259-1234,675.445,791.699,245.668,74.11,36.35,30.08,0.137,5.492,2.589,2.94
2020-259-1235,666.830,785.86,247.389,79.98,36.19,29.88,0.136,5.452,1.457,2.744
2020-259-1236,666.055,776.033,238.805,77.44,36.45,29.76,0.136,5.426,1.74,2.646
2020-259-1237,682.426,792.072,242.268,80.2,36.46,30.31,0.138,5.508,1.575,2.058
2020-259-1238,679.974,789.928,242.736,74.57,36.82,30.19,0.137,5.479,1.509,2.352
2020-259-1239,673.447,784.268,242.970,77.46,36.88,29.87,0.136,5.42,1.245,2.156
2020-259-1240,665.272,778.085,244.001,70.32,37.08,29.64,0.134,5.377,1.646,2.352
2020-259-1241,681.684,794.555,247.973,69.78,36.96,30.35,0.137,5.485,1.294,2.352
2020-259-1242,624.883,768.316,267.884,78.66,37.06,29.29,0.133,5.306,1.078,2.646
2020-259-1243,127.474,391.252,289.286,70.23,37.04,22.54,0.105,4.197,1.658,2.254
2020-259-1244,384.195,507.089,200.243,72.05,37.11,26.52,0.121,4.84,1.153,2.156
2020-259-1245,651.691,759.411,239.545,52.71,37.23,30.26,0.136,5.442,2.561,3.332
2020-259-1246,581.572,735.549,272.210,50.01,37.1,29.32,0.132,5.284,1.602,2.45
2020-259-1247,209.125,451.835,285.428,51.1,36.95,23.84,0.11,4.387,2.466,3.528
2020-259-1248,165.299,406.454,275.122,54.3,36.54,23.5,0.108,4.32,1.908,3.136
2020-259-1249,274.55,486.203,268.373,52.64,36.44,25.15,0.115,4.582,2.39,2.94
2020-259-1250,589.477,720.354,253.323,48.45,36.51,29.59,0.132,5.298,1.679,2.254
2020-259-1251,486.381,634.232,249.464,42.36,36.73,27.75,0.125,4.992,1.253,1.764
2020-259-1252,647.715,762.458,250.758,37.55,36.95,29.88,0.133,5.333,1.369,1.96
2020-259-1253,665.742,781.486,256.319,35.67,37.04,30.07,0.134,5.357,1.201,1.568
2020-259-1254,596.888,737.342,267.177,24.58,37.08,29.28,0.131,5.226,0.279,0.98
2020-259-1255,579.769,710.529,254.559,51.2,37.35,28.78,0.129,5.14,0.951,1.666
2020-259-1256,570.851,699.237,250.967,57.5,37.35,28.38,0.127,5.069,1.331,1.96
2020-259-1257,658.148,754.110,238.079,60.8,37.48,29.4,0.131,5.227,0.903,1.372
2020-259-1258,652.923,752.231,241.106,56.66,37.55,29.08,0.129,5.169,0.572,1.372
2020-259-1259,650.682,746.695,238.138,59.52,37.72,28.87,0.128,5.128,0.154,0.49
2020-259-1300,662.491,754.152,237.199,66.85,37.77,29.19,0.129,5.174,1.285,3.234
2020-259-1301,658.484,751.080,238.092,76.18,37.24,29,0.128,5.138,2.555,3.234
2020-259-1302,653.725,747.126,238.688,79.52,36.83,28.88,0.128,5.112,1.292,2.254
2020-259-1303,653.821,742.803,235.143,72.14,36.85,28.79,0.127,5.093,1.091,1.568
2020-259-1304,656.825,739.131,230.012,81.1,36.95,28.72,0.127,5.074,0.928,1.274
2020-259-1305,656.400,731.933,224.016,77.15,37.22,28.43,0.126,5.021,0.268,0.49
2020-259-1306,657.025,727.826,220.307,72.24,37.71,28.24,0.125,4.986,0.493,1.666
2020-259-1307,655.365,724.078,218.733,62.11,38.11,28.09,0.124,4.956,1.254,1.96
2020-259-1308,654.011,721.729,218.327,80.2,38.02,28.01,0.123,4.938,1.323,2.156
2020-259-1309,653.588,719.122,216.957,75.39,37.88,27.96,0.123,4.924,1.488,2.058
2020-259-1310,652.468,715.452,215.066,55.48,38.03,27.85,0.123,4.901,0.335,0.882
2020-259-1311,655.814,717.531,215.507,62.96,38.11,27.93,0.123,4.909,1.326,1.96
2020-259-1312,657.956,718.467,215.744,69.33,37.73,27.96,0.123,4.908,0.812,1.274
2020-259-1313,655.73,714.772,214.696,64,37.7,27.81,0.122,4.879,2.135,3.234
2020-259-1314,658.028,716.129,215.260,59.78,37.71,27.85,0.122,4.879,1.508,2.156
2020-259-1315,658.281,715.237,215.154,54.23,37.76,27.79,0.122,4.862,3.352,4.998
2020-259-1316,652.784,714.151,219.215,56.84,37.11,27.66,0.121,4.834,3.928,4.508
2020-259-1317,649.935,712.337,220.536,53.8,36.87,27.58,0.12,4.813,2.305,3.332
2020-259-1318,642.368,705.042,219.939,54.84,36.97,27.28,0.119,4.756,1.651,2.646
2020-259-1319,642.020,702.299,218.438,56.38,37.21,27.2,0.118,4.736,1.891,3.038
2020-259-1320,639.467,700.880,219.932,66.73,37.28,27.16,0.118,4.722,2.474,3.234
2020-259-1321,640.854,702.039,221.051,68.51,37.22,27.25,0.118,4.728,1.86,3.528
2020-259-1322,638.107,699.792,221.867,60.34,37.24,27.15,0.118,4.706,2.561,3.822
2020-259-1323,638.595,698.112,220.832,64.28,37.48,27.07,0.117,4.686,1.97,2.94
2020-259-1324,637.927,695.611,219.849,72.77,37.41,27,0.117,4.667,0.959,1.764
2020-259-1325,642.913,695.582,217.137,79.81,37.27,27.1,0.117,4.676,0.639,0.882
2020-259-1326,644.463,694.256,215.708,76.48,37.42,27.01,0.116,4.656,1.393,2.45
2020-259-1327,636.511,684.954,213.358,62.96,37.65,26.6,0.115,4.585,1.375,2.45
2020-259-1328,634.075,680.495,211.751,73.59,37.67,26.4,0.114,4.547,1.601,2.156
2020-259-1329,639.902,683.256,211.269,71.05,37.35,26.54,0.114,4.561,1.723,2.352
2020-259-1330,640.513,682.8,211.435,16.27,37.32,26.52,0.114,4.551,1.61,1.96
2020-259-1331,635.009,677.357,211.115,83.3,37.66,26.24,0.113,4.5,1.627,2.156
2020-259-1332,627.435,668.330,208.732,47.5,37.61,25.86,0.111,4.434,1.026,1.568
2020-259-1333,632.166,669.413,207.433,78.81,37.49,25.96,0.111,4.442,1.481,2.254
2020-259-1334,618.715,657.894,206.816,69.98,37.41,25.45,0.109,4.358,0.774,0.98
2020-259-1335,627.993,660.347,203.601,72.65,37.56,25.64,0.11,4.381,0.946,1.47
2020-259-1336,621.190,654.087,203.379,66.13,37.66,25.32,0.108,4.325,1.599,2.45
2020-259-1337,614.380,648.181,203.508,50.6,37.74,25.05,0.107,4.278,2.019,2.45
2020-259-1338,613.061,645.393,202.773,54.11,37.67,24.93,0.106,4.253,1.96,2.548
2020-259-1339,615.83,645.937,202.425,57.76,37.57,24.95,0.106,4.249,2.12,3.234
2020-259-1340,613.959,644.444,203.391,52.43,37.52,24.85,0.106,4.227,2.597,3.528
2020-259-1341,612.033,642.027,203.476,54.12,37.48,24.78,0.105,4.209,2.215,3.43
2020-259-1342,616.678,644.569,203.821,56.01,37.58,24.93,0.106,4.225,2.166,3.43
2020-259-1343,612.740,641.511,204.720,58.01,37.55,24.78,0.105,4.196,2.197,3.234
2020-259-1344,611.564,641.383,206.573,56.37,37.53,24.76,0.105,4.184,3.288,4.214
2020-259-1345,609.823,640.089,207.661,57.93,37.28,24.7,0.104,4.168,2.556,3.43
2020-259-1346,605.948,636.197,207.660,62.01,37.35,24.52,0.103,4.133,1.79,3.234
2020-259-1347,599.430,630.221,207.434,66.52,37.44,24.3,0.102,4.092,2.293,3.43
2020-259-1348,597.043,627.489,207.533,70.25,37.33,24.21,0.102,4.073,1.722,2.254
2020-259-1349,598.704,626.982,207.019,75.2,37.27,24.23,0.102,4.069,2.195,2.94
2020-259-1350,601.026,627.871,207.446,69.65,37.3,24.29,0.102,4.07,2.192,3.234
2020-259-1351,608.565,630.244,205.735,76.9,37.32,24.45,0.102,4.087,2.55,3.724
2020-259-1352,607.193,628.754,206.393,76.34,37.29,24.38,0.102,4.069,1.63,2.94
2020-259-1353,611.261,626.594,202.616,56.52,37.62,24.37,0.102,4.061,1.609,2.94
2020-259-1354,607.484,621.537,201.393,51.84,37.96,24.14,0.1,4.019,1.432,2.156
2020-259-1355,611.746,621.381,199.522,57.36,38.05,24.2,0.101,4.021,2.086,2.646
2020-259-1356,614.848,621.909,199.151,61.58,38,24.26,0.101,4.023,2.115,2.842
2020-259-1357,610.989,617.986,199.121,56.06,38.04,24.09,0.1,3.99,1.096,1.666
2020-259-1358,607.590,613.114,197.820,39.99,38.15,23.93,0.099,3.959,1.215,1.666
2020-259-1359,476.53,614.506,289.683,44.02,38.05,24.05,0.099,3.97,2.014,2.45
2020-259-1400,173.580,614.343,496.417,39.82,37.74,24,0.099,3.956,2.3,2.646
2020-259-1401,165.331,613.824,501.846,36.03,37.46,23.99,0.099,3.946,1.671,2.156
2020-259-1402,164.169,609.652,498.805,37.56,37.64,23.88,0.098,3.922,1.759,2.45
2020-259-1403,169.553,612.358,498.236,51.09,37.75,24.02,0.098,3.935,2.275,2.842
2020-259-1404,204.371,613.458,476.322,55.31,38.07,24.11,0.099,3.941,2.022,3.332
2020-259-1405,178.706,617.531,498.002,46.99,38.32,24.33,0.099,3.965,1.429,1.862
2020-259-1406,182.176,611.925,490.478,53.16,38.22,24,0.098,3.908,1.534,2.45
2020-259-1407,201.985,601.698,467.467,45.48,38.2,23.58,0.096,3.838,0.998,1.568
2020-259-1408,187.253,595.634,471.611,47.27,38.08,23.31,0.095,3.79,1.815,3.626
2020-259-1409,205.323,590.834,455.276,51.8,38.06,23.15,0.094,3.758,2.484,3.724
2020-259-1410,257.349,589.625,420.297,55.13,37.86,23.06,0.093,3.735,2.849,3.332
2020-259-1411,297.662,583.266,388.071,52.58,37.9,22.77,0.092,3.684,3.076,4.41
2020-259-1412,270.000,582.291,405.832,50.12,37.59,22.75,0.092,3.673,3.352,4.998
2020-259-1413,297.036,582.600,389.125,50.41,37.61,22.76,0.092,3.666,2.025,2.744
2020-259-1414,299.039,576.133,382.025,44.56,37.8,22.53,0.091,3.625,2.133,3.234
2020-259-1415,292.507,578.169,388.952,42.58,37.56,22.65,0.091,3.633,2.189,2.548
2020-259-1416,276.864,579.087,400.615,40.29,37.49,22.67,0.091,3.628,1.326,1.764
2020-259-1417,238.033,570.007,417.111,42.54,37.57,22.28,0.089,3.564,1.911,2.45
2020-259-1418,249.071,561.808,402.398,40.7,37.61,21.95,0.088,3.509,1.529,1.96
2020-259-1419,236.495,558.122,407.301,43.23,37.68,21.84,0.087,3.483,1.281,1.96
2020-259-1420,227.008,559.494,415.244,37.87,37.91,21.95,0.087,3.491,1.134,1.47
2020-259-1421,215.539,563.125,426.663,28.05,38,22.15,0.088,3.513,1.078,1.372
2020-259-1422,232.226,567.425,420.953,25.16,37.92,22.4,0.088,3.539,0.621,1.372
2020-259-1423,218.594,565.025,427.656,50.3,38.09,22.29,0.088,3.515,0.225,0.686
2020-259-1424,254.846,558.475,398.938,23.47,38.26,22.05,0.087,3.474,0.294,0.588
2020-259-1425,265.898,555.815,389.974,61.23,38.42,21.99,0.086,3.458,0.668,1.176
2020-259-1426,294.777,554.298,371.156,71.19,38.42,21.98,0.086,3.447,0.719,1.078
2020-259-1427,330.410,557.112,352.615,65.18,38.36,22.12,0.086,3.458,1.08,1.764
2020-259-1428,322.976,552.938,353.815,17.99,38.42,21.91,0.086,3.421,0.774,1.274
2020-259-1429,317.983,547.348,352.078,54,38.54,21.71,0.085,3.384,0.71,1.372
2020-259-1430,351.571,541.122,326.073,17.19,38.52,21.42,0.083,3.335,0.563,1.274
2020-259-1431,503.959,537.170,230.155,43.98,38.7,21.27,0.083,3.305,0.317,0.686
2020-259-1432,573.764,531.645,183.487,71.71,38.64,21.05,0.082,3.266,0.613,1.176
2020-259-1433,580.893,527.407,176.343,62.22,38.57,20.87,0.081,3.232,0.474,0.882
2020-259-1434,572.254,519.301,174.878,70.48,38.6,20.5,0.079,3.174,0.709,1.47
2020-259-1435,560.081,510.474,174.764,83.4,38.45,20.12,0.078,3.113,1.093,1.568
2020-259-1436,550.865,503.277,174.464,64.35,38.29,19.84,0.077,3.066,1.499,2.45
2020-259-1437,548.04,501.515,175.756,49.88,38.27,19.72,0.076,3.041,0.941,1.274
2020-259-1438,558.312,503.168,172.707,38.53,38.37,19.88,0.076,3.055,0.939,1.862
2020-259-1439,557.574,502.212,173.590,62.74,38.45,19.78,0.076,3.033,1.64,2.352
2020-259-1440,548.511,496.616,174.729,49.7,38.29,19.51,0.075,2.989,1.666,2.156
2020-259-1441,535.274,486.796,174.041,39.39,38.15,19.12,0.073,2.928,0.802,1.764
2020-259-1442,542.676,489.232,173.537,56,38.42,19.23,0.073,2.933,1.767,4.116
2020-259-1443,547.734,492.511,175.279,69.88,38.27,19.33,0.073,2.939,2.14,3.724
2020-259-1444,554.878,497.541,177.595,68.67,38.1,19.48,0.074,2.951,1.898,3.332
2020-259-1445,556.919,498.016,178.340,56.94,38.08,19.46,0.073,2.94,3.172,4.214
2020-259-1446,556.789,497.320,179.165,55.15,37.82,19.37,0.073,2.92,3.348,4.312
2020-259-1447,554.856,494.947,179.340,53.59,37.82,19.26,0.072,2.896,2.391,3.626
2020-259-1448,552.388,492.227,179.468,59.18,37.8,19.14,0.072,2.872,3.165,4.116
2020-259-1449,554.140,491.473,179.175,57.87,37.69,19.11,0.072,2.86,1.744,2.352
2020-259-1450,547.198,483.054,176.113,78.11,37.96,18.8,0.07,2.812,1.127,2.548
2020-259-1451,541.675,477.270,174.867,67.72,38.19,18.58,0.069,2.773,1.029,2.45
2020-259-1452,535.748,470.882,173.213,49.57,38.37,18.33,0.068,2.733,1.612,3.626
2020-259-1453,538.39,470.498,172.795,60.35,38.14,18.29,0.068,2.719,2.329,3.528
2020-259-1454,540.191,470.923,173.669,58.44,38.13,18.26,0.068,2.708,2.097,2.744
2020-259-1455,535.376,466.651,173.482,49.79,38.26,18.06,0.067,2.674,1.896,2.94
2020-259-1456,535.166,463.406,171.802,48.16,38.03,17.94,0.066,2.649,2.442,2.94
2020-259-1457,537.607,462.834,171.358,49.38,37.87,17.91,0.066,2.638,2.277,3.038
2020-259-1458,535.290,460.075,171.306,52.61,37.61,17.76,0.065,2.611,1.491,2.646
2020-259-1459,526.914,452.793,169.977,37.25,37.65,17.47,0.064,2.566,1.166,1.666
2020-259-1500,523.554,448.325,168.745,33.56,37.72,17.3,0.063,2.536,1.617,2.058
2020-259-1501,515.005,442.766,169.164,32.29,37.71,17.04,0.062,2.493,1.312,2.058
2020-259-1502,504.794,435.157,168.380,62,37.91,16.73,0.061,2.446,1.189,2.058
2020-259-1503,504.327,433.578,168.441,50.44,37.99,16.63,0.061,2.424,2.421,3.234
2020-259-1504,483.871,429.331,176.262,48.99,37.84,16.46,0.06,2.397,1.793,3.234
2020-259-1505,84.2781,232.753,188.846,54.17,38.05,13.73,0.051,2.038,1.96,3.332
2020-259-1506,11.685,163.374,157.329,55.44,37.93,13.07,0.049,1.945,2.558,3.724
2020-259-1507,73.7475,184.505,146.612,55.07,37.83,13.44,0.05,1.987,3.084,4.802
2020-259-1508,343.246,323.179,147.600,54.57,37.63,14.94,0.054,2.171,2.507,3.234
2020-259-1509,482.860,411.264,165.52,56.7,37.43,15.62,0.056,2.249,1.844,2.842
2020-259-1510,482.735,411.133,166.816,62.32,37.4,15.53,0.056,2.232,1.013,1.47
2020-259-1511,484.028,407.841,164.244,74.16,37.53,15.46,0.055,2.217,0.691,1.176
2020-259-1512,485.392,404.418,161.514,64.65,37.73,15.39,0.055,2.199,0.408,0.686
2020-259-1513,477.580,396.729,159.103,68.16,37.87,15.15,0.054,2.162,0.55,0.882
2020-259-1514,471.294,389.706,156.559,41.68,38.07,14.93,0.053,2.128,0.49,0.882
2020-259-1515,466.816,384.319,154.730,42.04,38.2,14.74,0.052,2.097,1.137,1.568
2020-259-1516,466.853,382.555,154.294,42.86,38.01,14.64,0.052,2.076,1.463,2.254
2020-259-1517,474.219,384.854,154.362,22.2,37.92,14.69,0.052,2.076,0.314,0.98
2020-259-1518,473.524,383.024,154.242,29.23,38.09,14.62,0.052,2.061,0.237,0.784
2020-259-1519,478.226,381.778,152.126,49.91,38.17,14.59,0.051,2.049,0.399,1.078
2020-259-1520,479.241,380.425,151.679,46.6,38.3,14.48,0.051,2.029,0.575,0.882
2020-259-1521,471.264,374.277,150.716,41.33,38.22,14.22,0.05,1.99,0.975,1.372
2020-259-1522,466.520,369.299,149.359,43.29,38.14,14.03,0.049,1.961,0.936,1.176
2020-259-1523,467.389,367.033,148.057,52.18,38.19,13.94,0.049,1.942,0.34,1.372
2020-259-1524,460.683,362.125,147.654,61.01,38.17,13.73,0.048,1.909,1.684,2.352
2020-259-1525,456.322,358.66,147.572,60.75,38.08,13.58,0.047,1.885,1.47,2.254
2020-259-1526,453.588,355.485,147.008,65.18,38.04,13.45,0.047,1.862,2.185,2.842
2020-259-1527,452.266,354.024,147.500,65.14,37.83,13.34,0.046,1.842,2.042,2.646
2020-259-1528,455.257,353.340,146.810,60.04,37.84,13.3,0.046,1.831,2.18,2.94
2020-259-1529,451.473,350.521,147.054,60.49,37.8,13.17,0.045,1.808,1.937,2.646
2020-259-1530,450.721,347.435,145.668,47.94,37.69,13.06,0.045,1.788,0.991,1.96
2020-259-1531,445.546,341.530,143.420,61.3,37.81,12.87,0.044,1.76,0.105,0.196
2020-259-1532,443.758,336.768,140.791,62.06,37.99,12.74,0.043,1.738,0.657,0.98
2020-259-1533,442.895,334.281,140.025,68.57,38.02,12.62,0.043,1.717,1.949,2.744
2020-259-1534,434.729,329.514,140.153,75.85,37.95,12.42,0.042,1.687,0.954,1.568
2020-259-1535,427.837,322.912,137.856,57.34,38.03,12.21,0.041,1.655,0.89,1.568
2020-259-1536,424.755,318.318,135.897,55.05,38.01,12.06,0.041,1.633,1.61,3.332
2020-259-1537,426.438,317.368,135.524,54.2,37.83,12,0.04,1.619,2.541,3.528
2020-259-1538,427.685,316.179,135.114,51.13,37.65,11.93,0.04,1.605,1.782,2.744
2020-259-1539,421.732,311.554,134.300,49.75,37.79,11.76,0.039,1.579,1.336,1.862
2020-259-1540,420.398,308.170,132.771,52.93,37.77,11.65,0.039,1.559,0.822,1.666
2020-259-1541,411.491,301.986,131.575,57.34,37.82,11.45,0.038,1.53,1.517,2.744
2020-259-1542,402.151,296.172,130.874,51.85,37.8,11.25,0.038,1.501,1.821,2.352
2020-259-1543,407.779,295.601,129.259,57.69,37.71,11.23,0.037,1.493,1.449,2.058
2020-259-1544,415.788,297.664,129.342,53.07,37.68,11.25,0.037,1.489,1.138,1.47
2020-259-1545,416.137,295.778,128.608,39.79,37.73,11.16,0.037,1.473,0.577,1.176
2020-259-1546,418.197,293.966,127.274,42.84,37.85,11.07,0.036,1.458,1.467,2.156
2020-259-1547,415.944,291.583,127.098,42.72,37.68,10.96,0.036,1.438,1.058,1.568
2020-259-1548,408.960,286.727,126.284,39.33,37.67,10.78,0.035,1.412,0.704,1.078
2020-259-1549,396.175,278.743,124.559,27.72,37.83,10.3,0.034,1.352,1.21,1.568
2020-259-1550,392.509,274.912,123.391,22.17,37.76,9.62,0.032,1.268,1.122,1.568
2020-259-1551,391.173,271.788,122.018,16.27,37.84,9.39,0.031,1.237,0.235,0.784
2020-259-1552,387.027,267.222,120.264,69.67,37.97,9.72,0.032,1.269,0.098,0.098
2020-259-1553,386.977,264.010,118.302,43.11,38.13,9.76,0.032,1.269,0.172,0.588
2020-259-1554,387.178,261.878,117.320,50.45,38.09,9.27,0.03,1.207,0.833,1.176
2020-259-1555,381.167,257.172,116.070,57.88,37.96,8.86,0.029,1.156,0.581,0.882
2020-259-1556,375.151,252.658,114.977,57.72,37.99,8.7,0.028,1.133,0.985,1.47
2020-259-1557,364.948,246.876,114.104,62.28,37.94,8.62,0.028,1.117,1.093,1.764
2020-259-1558,359.718,242.493,112.783,65.25,37.94,8.71,0.028,1.124,0.859,1.372
2020-259-1559,357.214,238.827,111.167,68.65,38.02,8.89,0.028,1.138,0.776,1.274
2020-259-1600,357.819,237.010,110.281,75.11,38.08,8.96,0.029,1.143,1.442,2.842
2020-259-1601,352.351,233.825,110.166,73.38,37.89,8.85,0.028,1.124,1.637,2.548
2020-259-1602,349.061,230.693,109.315,64.38,37.88,8.72,0.028,1.106,1.625,2.352
2020-259-1603,343.406,226.464,108.160,56.88,37.91,8.57,0.027,1.084,1.129,1.666
2020-259-1604,335.768,222.109,107.528,58.9,37.92,8.42,0.027,1.063,2.506,3.234
2020-259-1605,331.629,219.467,107.374,50.23,37.78,8.31,0.026,1.045,2.107,2.744
2020-259-1606,325.250,215.642,106.759,45.4,37.61,8.17,0.026,1.025,2.194,2.646
2020-259-1607,317.912,211.806,106.415,41.37,37.43,8.03,0.025,1.006,1.991,2.548
2020-259-1608,315.950,205.981,102.272,46.57,37.39,7.925,0.025,0.989,1.581,2.058
2020-259-1609,316.979,181.548,78.5378,51.7,37.43,7.834,0.024,0.975,1.222,1.862
2020-259-1610,308.152,156.211,57.0768,52.44,37.54,7.696,0.024,0.955,1.183,1.862
2020-259-1611,295.834,143.905,49.7028,59.98,37.69,7.542,0.023,0.934,1.313,2.156
2020-259-1612,288.440,134.830,43.9312,60.8,37.77,7.413,0.023,0.916,1.617,2.254
2020-259-1613,290.449,117.477,26.8985,66.92,37.69,7.323,0.023,0.902,2.411,3.626
2020-259-1614,290.400,101.618,12.0124,64.72,37.7,7.229,0.022,0.888,1.581,2.646
2020-259-1615,289.913,118.947,30.4486,62.93,37.72,7.129,0.022,0.873,1.579,2.646
2020-259-1616,283.82,148.217,62.5153,58.16,37.77,7.006,0.021,0.856,2.029,3.038
2020-259-1617,275.807,167.874,85.5027,58.74,37.68,6.879,0.021,0.838,1.88,2.842
2020-259-1618,271.411,149.565,69.4071,55.41,37.59,6.767,0.021,0.822,1.769,2.744
2020-259-1619,269.937,145.875,67.0484,56.15,37.55,6.67,0.02,0.807,2.298,2.94
2020-259-1620,269.645,164.769,86.9256,56.75,37.49,6.574,0.02,0.793,1.95,2.646
2020-259-1621,278.313,171.494,92.0773,58,37.49,6.501,0.02,0.782,1.798,2.352
2020-259-1622,279.155,170.263,91.5320,60.95,37.55,6.407,0.019,0.769,1.738,2.254
2020-259-1623,271.518,166.695,91.0215,59.53,37.5,6.288,0.019,0.752,1.405,2.058
2020-259-1624,256.829,160.510,89.7853,57.77,37.47,6.154,0.018,0.734,1.135,1.666
2020-259-1625,246.18,155.045,88.0801,61.45,37.49,6.031,0.018,0.718,1.503,1.862
2020-259-1626,242.252,151.778,86.6960,62.42,37.5,5.925,0.018,0.703,1.377,2.254
2020-259-1627,240.152,149.015,85.3062,62.65,37.58,5.826,0.017,0.689,0.56,1.176
2020-259-1628,241.202,147.176,83.9969,74,37.58,5.735,0.017,0.677,1.276,1.96
2020-259-1629,239.312,145.154,83.2726,68.25,37.49,5.641,0.017,0.664,0.991,1.862
2020-259-1630,238.923,143.024,82.0490,59.41,37.5,5.547,0.016,0.651,1.735,2.548
2020-259-1631,237.908,141.155,81.2401,63.77,37.56,5.456,0.016,0.638,1.852,2.646
2020-259-1632,235.300,138.889,80.4282,68.11,37.54,5.362,0.016,0.625,1.612,2.45
2020-259-1633,234.542,136.861,79.3811,73.21,37.41,5.266,0.015,0.612,1.558,1.96
2020-259-1634,234.103,135.129,78.5473,76.71,37.29,5.172,0.015,0.6,1.308,1.568
2020-259-1635,233.630,133.227,77.5508,71.81,37.28,5.08,0.015,0.587,0.924,1.274
2020-259-1636,232.523,130.876,76.2510,57.47,37.35,4.988,0.014,0.575,0.681,0.882
2020-259-1637,232.454,128.512,74.6935,74.38,37.4,4.895,0.014,0.563,0.75,1.176
2020-259-1638,227.454,125.075,73.1885,16.49,37.52,4.798,0.014,0.55,0.149,0.49
2020-259-1639,223.698,121.952,71.6838,49.89,37.54,4.706,0.013,0.538,1.153,1.764
2020-259-1640,221.089,119.573,70.6425,57.28,37.4,4.613,0.013,0.526,0.866,1.372
2020-259-1641,219.914,117.185,69.2641,67.43,37.38,4.526,0.013,0.514,0.67,0.882
2020-259-1642,217.715,114.792,68.0908,76.25,37.4,4.432,0.013,0.502,1.05,1.568
2020-259-1643,213.966,112.305,67.1407,76.95,37.38,4.33,0.012,0.489,0.64,1.078
2020-259-1644,210.355,109.599,65.9153,77.61,37.36,4.23,0.012,0.477,0.797,1.274
2020-259-1645,209.632,107.496,64.6799,71.54,37.37,4.138,0.012,0.466,1.514,2.254
2020-259-1646,209.409,105.923,63.8668,70.98,37.3,4.05,0.011,0.455,1.455,2.058
2020-259-1647,206.245,103.647,62.9323,75.88,37.35,3.968,0.011,0.444,1.142,1.568
2020-259-1648,202.545,101.147,61.8570,75.88,37.39,3.883,0.011,0.434,1.223,1.47
2020-259-1649,203.407,99.5315,60.7750,62.2,37.39,3.798,0.011,0.422,0.946,1.372
2020-259-1650,202.697,97.5695,59.6417,58.2,37.39,3.714,0.01,0.413,1.341,2.058
2020-259-1651,197.745,94.8957,58.5721,59.54,37.37,3.629,0.01,0.402,1.491,1.96
2020-259-1652,192.946,92.2406,57.4616,48.19,37.3,3.546,0.01,0.392,1.163,1.666
2020-259-1653,188.911,89.6651,56.2624,53.39,37.28,3.465,0.01,0.381,0.777,1.176
2020-259-1654,186.476,87.2909,54.9627,51.01,37.26,3.383,0.009,0.371,1.318,1.764
2020-259-1655,184.264,85.2258,53.9153,57.29,37.24,3.299,0.009,0.361,1.911,2.548
2020-259-1656,174.735,81.9573,52.8655,61.7,37.27,3.219,0.009,0.352,2.045,2.744
2020-259-1657,166.778,72.4190,45.2276,59.51,37.23,3.141,0.009,0.342,2.127,2.352
2020-259-1658,163.313,58.2778,32.2141,62.66,37.19,3.062,0.008,0.333,1.775,2.156
2020-259-1659,159.662,50.4066,25.4753,58.98,37.19,2.982,0.008,0.323,0.923,1.372
2020-259-1700,156.052,48.8894,25.0624,55.13,37.19,2.907,0.008,0.314,0.609,0.882
2020-259-1701,153.757,47.5972,24.6505,54.24,37.13,2.829,0.008,0.305,0.544,1.078
2020-259-1702,147.796,46.0942,24.5471,76.38,37.15,2.753,0.007,0.296,0.57,0.882
2020-259-1703,144.75,44.7504,24.1457,79.14,37.18,2.678,0.007,0.287,0.973,1.274
2020-259-1704,143.783,43.6173,23.6483,82.7,37.19,2.604,0.007,0.278,0.407,0.98
2020-259-1705,147.407,44.3196,24.3565,74.09,37.19,2.527,0.007,0.269,0.098,0.098
2020-259-1706,120.615,46.8013,30.8652,76.62,37.21,2.453,0.007,0.261,0.601,0.98
2020-259-1707,45.4538,43.2567,37.3970,82.4,37.25,2.383,0.006,0.253,1.201,1.96
2020-259-1708,41.9134,43.1629,37.9290,76.95,37.2,2.31,0.006,0.244,1.607,2.156
2020-259-1709,31.9532,41.6879,37.7930,62.69,37.19,2.238,0.006,0.236,1.2,1.568
2020-259-1710,63.9134,43.7996,36.2670,53.77,37.18,2.168,0.006,0.228,0.769,1.666
2020-259-1711,67.9404,44.4223,36.6261,55.96,37.11,2.099,0.006,0.221,1.41,1.764
2020-259-1712,84.2925,44.8812,35.5120,55.53,37.1,2.027,0.005,0.212,1.372,1.764
2020-259-1713,84.0768,44.2303,35.1575,57.11,37.1,1.957,0.005,0.204,1.45,1.764
2020-259-1714,79.7365,39.8053,31.4859,55.11,37.07,1.888,0.005,0.197,1.498,1.862
2020-259-1715,54.1059,35.4834,30.0094,62.54,37.03,1.821,0.005,0.19,1.22,1.568
2020-259-1716,16.0252,31.6765,30.1080,61.27,37.01,1.753,0.005,0.182,1.019,1.372
2020-259-1717,3.05341,30.4076,30.1188,58.53,37.01,1.687,0.004,0.175,1.33,1.568
2020-259-1718,1.22415,29.3261,29.2152,56.92,37,1.619,0.004,0.168,1.153,1.568
2020-259-1719,0.841606,28.2914,28.218,56,36.98,1.554,0.004,0.161,1.192,1.47
2020-259-1720,0.549479,27.2051,27.1589,60.1,36.98,1.489,0.004,0.154,1.138,1.568
2020-259-1721,0.159975,26.0579,26.0449,69.16,36.98,1.426,0.004,0.147,1.052,1.372
2020-259-1722,-0.285173,24.7983,24.7983,61.34,36.94,1.363,0.004,0.14,1.256,1.568
2020-259-1723,-0.417326,23.5809,23.5809,59.76,36.91,1.302,0.003,0.134,0.81,1.176
2020-259-1724,-0.417326,22.6209,22.6209,56.93,36.9,1.239,0.003,0.127,0.508,0.882
2020-259-1725,-0.493835,21.4971,21.4971,65.49,36.9,1.178,0.003,0.121,0.577,1.176
2020-259-1726,-0.820739,20.3359,20.3359,67.71,36.9,1.119,0.003,0.115,0.639,0.882
2020-259-1727,-0.834649,19.1746,19.1746,64.9,36.89,1.062,0.003,0.109,0.709,1.078
2020-259-1728,-0.841603,18.0321,18.0321,65.64,36.9,1.003,0.003,0.103,0.887,1.176
2020-259-1729,-1.20328,17.0066,17.0066,65.73,36.9,0.946,0.002,0.097,0.773,0.98
2020-259-1730,-1.25197,15.8782,15.8782,68.23,36.9,0.893,0.002,0.092,0.644,0.882
2020-259-1731,-1.25198,14.8808,14.8808,61.52,36.89,0.836,0.002,0.086,0.366,0.588
2020-259-1732,-1.25894,13.8180,13.8180,55.29,36.8,0.787,0.002,0.08,0.537,0.686
2020-259-1733,-1.62758,12.5537,12.5537,51.74,36.71,0.733,0.002,0.075,0.526,0.784
2020-259-1734,-1.66931,11.2286,11.2286,51.88,36.62,0.687,0.002,0.071,0.637,0.882
2020-259-1735,-1.66932,9.91285,9.91285,53.06,36.56,0.634,0.002,0.066,1.032,1.47
2020-259-1736,-2.00319,8.69543,8.69543,53.71,36.53,0.59,0.001,0.06,1.003,1.274
2020-259-1737,-2.08666,7.52012,7.52012,53.49,36.51,0.544,0.001,0.056,0.738,1.078
2020-259-1738,-2.08666,6.45719,6.45719,52.25,36.47,0.497,0.001,0.053,0.851,0.98
2020-259-1739,-2.08665,5.32870,5.32870,56.21,36.46,0.455,0.001,0.046,0.742,1.078
2020-259-1740,-2.08665,4.38283,4.38283,57.11,36.44,0.416,0.001,0.044,0.431,0.686
2020-259-1741,-2.08665,3.55871,3.55871,59.78,36.41,0.377,0.001,0.04,0.477,0.686
2020-259-1742,-2.08666,2.49579,2.49579,62.64,36.35,0.339,0.001,0.04,0.711,0.882
2020-259-1743,-2.10753,1.45159,1.45159,61.65,36.34,0.303,0.001,0.04,0.332,0.588
2020-259-1744,-2.31621,0.566588,0.566588,58.85,36.34,0.27,0.001,0.037,0.694,0.882
2020-259-1745,-2.36490,-0.243494,0.037461,60.56,36.29,0.238,0.001,0.033,0.248,0.49
2020-259-1746,-2.46924,-1.06763,0,56.34,36.25,0.207,0.001,0.031,0.64,1.176
2020-259-1747,0.083467,-1.73724,0,58.75,36.23,0.204,0.001,0.027,0.668,0.882
2020-259-1748,0.918139,-2.32256,0,59.9,36.21,0.194,0.001,0.027,0.595,0.882
2020-259-1749,2.74746,-2.77208,0,58.91,36.19,0.17,0.001,0.021,0.65,0.882
2020-259-1750,4.06208,-3.09050,0,59.41,36.19,0.143,0,0.02,0.714,0.882
2020-259-1751,-1.25897,-3.18884,0,54.81,36.17,0.131,0,0.02,0.438,0.686
2020-259-1752,-2.08669,-3.65242,0,53.83,36.17,0.102,0,0.018,0.314,0.49
2020-259-1753,-1.84324,-3.71329,0,55.36,36.16,0.1,0,0.013,0.154,0.49
2020-259-1754,-1.94061,-4.21432,0,55.22,36.11,0.071,0,0.013,0.258,0.588
2020-259-1755,-1.76672,-4.21431,0,58.38,36.1,0.068,0,0.013,0.33,0.588
2020-259-1756,-1.71803,-4.29390,0,58.87,36.09,0.061,0,0.013,0.274,0.49
2020-259-1757,-2.18404,-4.49524,0,59.45,36.06,0.035,0,0.013,0.114,0.294
2020-259-1758,-2.50399,-4.49522,0,58.93,36.01,0.034,0,0.008,0.098,0.098
2020-259-1759,-2.50399,-4.50458,0,57.8,35.95,0.034,0,0.007,0.113,0.294
2020-259-1800,-2.50398,-5.01028,0,53.28,35.95,0.031,0,0.007,0.247,0.588
2020-259-1801,-2.50397,-5.05709,0,57.79,35.95,0.014,0,0.007,0.31,0.784
2020-259-1802,-2.50397,-5.05708,0,56.95,35.95,0,0,0.007,0.158,0.392
2020-259-1803,-2.50396,-5.05707,0,55.03,35.94,0,0,0.007,0.304,0.588
2020-259-1804,-2.50395,-5.05705,0,53.5,35.94,0,0,0.007,0.162,0.49
2020-259-1805,-2.50395,-5.05705,0,50.12,35.95,0,0,0.007,0.505,0.588
2020-259-1806,-2.50395,-5.05704,0,53.52,35.95,0,0,0.007,0.413,0.588
2020-259-1807,-2.51785,-5.20687,0,53.53,35.94,0,0,0.007,0.492,0.588
2020-259-1808,-2.60131,-5.32860,0,52.97,35.95,0,0,0.007,0.547,0.784
2020-259-1809,-2.81693,-5.06638,0,54.44,35.95,0,0,0.007,0.462,0.588
2020-259-1810,-2.87257,-5.05701,0,52.46,35.92,0,0,0.007,0.367,0.49
2020-259-1811,-2.55262,-5.05700,0,52,35.88,0,0,0.007,0.371,0.49
2020-259-1812,-2.50393,-5.057,0,51.83,35.85,0,0,0.007,0.332,0.49
2020-259-1813,-2.50393,-5.05700,0,51.32,35.85,0,0,0.007,0.379,0.49
2020-259-1814,-2.50392,-5.05699,0,51.27,35.83,0,0,0.007,0.379,0.588
2020-259-1815,-2.50392,-5.05699,0,51.28,35.78,0,0,0.007,0.541,0.686
2020-259-1816,-2.50392,-5.05698,0,51.25,35.72,0,0,0.007,0.547,0.686
2020-259-1817,-2.50392,-5.05698,0,50.16,35.6,0,0,0.007,0.528,0.686
2020-259-1818,-2.50392,-5.05698,0,49.25,35.5,0,0,0.007,0.506,0.588
2020-259-1819,-2.50392,-5.05698,0,48.25,35.38,0,0,0.007,0.363,0.49
2020-259-1820,-2.50392,-5.05698,0,46.37,35.28,0,0,0.007,0.147,0.294
2020-259-1821,-2.50392,-5.05697,0,39.54,35.19,0,0,0.007,0.252,0.49
2020-259-1822,-2.50391,-5.05697,0,39.5,35.15,0,0,0.007,0.266,0.49
2020-259-1823,-2.50391,-4.69175,0,39.47,35.09,0,0,0.007,0.361,0.49
2020-259-1824,-2.50391,-4.49508,0,39.42,35.07,0,0,0.007,0.201,0.49
2020-259-1825,-2.50391,-4.49508,0,39.41,35.06,0,0,0.007,0.168,0.294
2020-259-1826,-2.50391,-4.49508,0,39.03,35.05,0,0,0.007,0.154,0.392
2020-259-1827,-2.50391,-4.49508,0,35.16,35.04,0,0,0.007,0.261,0.49
2020-259-1828,-2.50391,-4.49508,0,31.21,35.01,0,0,0.007,0.472,0.686
2020-259-1829,-2.50391,-4.49508,0,28.15,35,0,0,0.007,0.459,0.588
2020-259-1830,-2.50391,-4.50445,0,27.43,35.01,0,0,0.007,0.281,0.49
2020-259-1831,-2.15615,-4.72920,0,27.38,35.02,0,0,0.007,0.22,0.49
2020-259-1832,-2.08661,-5.02422,0,27.36,35.06,0,0,0.007,0.098,0.098
2020-259-1833,-2.08661,-4.82757,0,25.88,35.1,0,0,0.007,0.268,0.49
2020-259-1834,-2.08662,-4.49513,0,23.29,35.13,0,0,0.007,0.457,0.588
2020-259-1835,-2.06575,-4.49514,0,22.02,35.17,0,0,0.007,0.346,0.588
2020-259-1836,-1.87100,-4.49514,0,21.8,35.18,0,0,0.007,0.568,0.686
2020-259-1837,-2.07271,-4.49514,0,23.34,35.18,0,0,0.007,0.456,0.686
2020-259-1838,-2.07966,-4.46236,0,21.59,35.18,0,0,0.007,0.483,0.588
2020-259-1839,-2.00316,-4.22824,0,19.09,35.19,0,0,0.007,0.488,0.686
2020-259-1840,-2.02402,-4.21419,0,18.03,35.19,0,0,0.007,0.354,0.588
2020-259-1841,-1.89187,-4.27974,0,19.16,35.17,0,0,0.007,0.43,0.588
2020-259-1842,-1.72493,-4.22355,0,20.12,35.13,0,0,0.007,0.495,0.784
2020-259-1843,-1.71798,-4.24696,0,19.91,35.03,0,0,0.007,0.662,0.882
2020-259-1844,-1.98228,-4.21418,0,20.06,34.99,0,0,0.007,0.501,0.784
2020-259-1845,-2.0727,-4.21417,0,23.11,34.91,0,0,0.007,0.665,0.882
2020-259-1846,-2.07271,-4.21420,0,23.33,34.88,0,0,0.007,0.578,0.784
2020-259-1847,-2.08663,-4.21422,0,24.04,34.88,0,0,0.007,0.707,0.882
2020-259-1848,-2.08664,-4.23766,0,24.97,34.9,0,0,0.007,0.825,0.98
2020-259-1849,-2.08665,-4.45775,0,25.35,34.93,0,0,0.007,0.92,1.078
2020-259-1850,-1.84321,-4.44371,0,25.33,34.93,0,0,0.007,0.973,1.176
2020-259-1851,-1.92668,-4.24237,0,25.77,34.89,0,0,0.007,1.016,1.176
2020-259-1852,-2.07275,-4.34070,0,26.76,34.87,0,0,0.007,1.065,1.274
2020-259-1853,-2.09361,-4.48585,0,28.51,34.82,0,0,0.007,1.027,1.176
2020-259-1854,-2.08665,-4.37347,0,29.56,34.66,0,0,0.007,1.094,1.274
2020-259-1855,-2.37878,-4.49052,0,30.17,34.41,0,0,0.007,1.127,1.274
2020-259-1856,-2.35791,-4.49520,0,29.75,34.32,0,0,0.007,1.075,1.176
2020-259-1857,-2.05882,-4.49519,0,29.54,34.21,0,0,0.007,1,1.176
2020-259-1858,-2.03796,-4.49519,0,30.04,34.06,0,0,0.007,0.991,1.078
2020-259-1859,-2.08665,-4.49520,0,30.98,34,0,0,0.007,0.893,1.078
2020-259-1900,-2.09361,-4.49521,0,31.4,33.94,0,0,0.007,0.892,1.078
2020-259-1901,-2.08665,-4.49521,0,29.68,33.93,0,0,0.007,0.885,1.078
2020-259-1902,-1.96145,-4.49521,0,29.06,33.93,0,0,0.007,0.92,1.078
2020-259-1903,-1.66932,-4.49520,0,28.65,34.03,0,0,0.007,0.908,1.176
2020-259-1904,-1.66932,-4.43433,0,27.33,34.27,0,0,0.007,1.034,1.176
2020-259-1905,-1.66932,-4.21424,0,26.39,34.44,0,0,0.007,0.952,1.078
2020-259-1906,-1.66931,-4.24701,0,24.3,34.62,0,0,0.007,0.954,1.176
2020-259-1907,-1.66932,-4.47647,0,24.12,34.75,0,0,0.007,0.952,1.176
2020-259-1908,-1.66933,-4.48586,0,22.96,34.68,0,0,0.007,0.777,0.98
2020-259-1909,-1.66934,-4.48588,0,21.28,34.39,0,0,0.007,0.668,0.882
2020-259-1910,-1.66934,-4.49526,0,21.63,34.34,0,0,0.007,0.63,0.784
2020-259-1911,-1.66935,-4.49528,0,24.21,34.27,0,0,0.007,0.84,1.078
2020-259-1912,-1.66935,-4.49530,0,25.8,34.18,0,0,0.007,0.805,0.882
2020-259-1913,-1.66936,-4.49531,0,27.12,34.09,0,0,0.007,0.791,0.98
2020-259-1914,-1.66938,-4.49536,0,28.6,34.08,0,0,0.007,0.954,1.078
2020-259-1915,-1.66939,-4.49540,0,25.67,34.07,0,0,0.007,0.998,1.176
2020-259-1916,-1.66940,-4.49543,0,24.65,33.92,0,0,0.007,0.987,1.274
2020-259-1917,-1.78072,-4.49548,0,24.5,33.94,0,0,0.007,1.155,1.274
2020-259-1918,-1.77377,-4.49549,0,24.04,34.2,0,0,0.007,1.179,1.274
2020-259-1919,-1.66943,-4.40184,0,22.74,34.28,0,0,0.007,1.183,1.372
2020-259-1920,-1.68334,-4.37842,0,22,34.2,0,0,0.007,1.057,1.274
2020-259-1921,-1.73898,-4.49547,0,21.84,34.14,0,0,0.007,0.978,1.176
2020-259-1922,-1.68333,-4.49545,0,21.68,34.1,0,0,0.007,1.008,1.372
2020-259-1923,-1.72506,-4.49544,0,22.84,34.09,0,0,0.007,1.143,1.47
2020-259-1924,-1.70419,-4.49544,0,21.79,34.05,0,0,0.007,1.099,1.372
2020-259-1925,-1.66940,-4.49543,0,22.19,34.15,0,0,0.007,1.062,1.274
2020-259-1926,-1.66940,-4.49074,0,22.37,34.22,0,0,0.007,0.791,0.98
2020-259-1927,-1.66940,-4.24256,0,22.71,34.23,0,0,0.007,0.926,1.176
2020-259-1928,-1.66942,-4.21451,0,22.99,34.23,0,0,0.007,0.9,1.176
2020-259-1929,-1.66943,-4.21453,0,23.76,34.15,0,0,0.007,1.102,1.274
2020-259-1930,-1.66944,-4.21456,0,24.32,34.06,0,0,0.007,1.166,1.274
2020-259-1931,-1.66946,-4.21460,0,23.88,34.08,0,0,0.007,1.23,1.47
2020-259-1932,-1.66947,-4.21462,0,23.7,34.06,0,0,0.007,1.38,1.568
2020-259-1933,-1.66947,-4.21463,0,23.73,34.1,0,0,0.007,1.455,1.568
2020-259-1934,-1.66947,-4.21463,0,24.54,34.02,0,0,0.007,1.444,1.568
2020-259-1935,-1.66946,-4.21462,0,25.31,33.9,0,0,0.007,1.339,1.47
2020-259-1936,-1.66946,-4.21462,0,27.67,33.75,0,0,0.007,1.107,1.274
2020-259-1937,-1.66946,-4.21462,0,27.89,33.52,0,0,0.007,1.006,1.176
2020-259-1938,-1.66947,-4.21462,0,26.99,33.4,0,0,0.007,1.102,1.176
2020-259-1939,-1.66946,-4.21461,0,26.49,33.39,0,0,0.007,1.186,1.372
2020-259-1940,-1.66946,-4.21460,0,24.91,33.48,0,0,0.007,1.374,1.568
2020-259-1941,-1.66945,-4.21458,0,23.31,33.55,0,0,0.007,1.612,1.764
2020-259-1942,-1.66944,-4.21455,0,22.76,33.55,0,0,0.007,1.741,2.156
2020-259-1943,-1.63465,-4.21454,0,22.59,33.58,0,0,0.007,2.11,2.842
2020-259-1944,-1.57901,-4.21454,0,23.57,33.63,0,0,0.007,1.789,2.254
2020-259-1945,-1.66944,-4.21457,0,22.02,33.61,0,0,0.007,1.313,1.764
2020-259-1946,-1.57902,-4.21457,0,16.61,33.71,0,0,0.007,1.909,3.038
2020-259-1947,-0.869504,-4.21458,0,17.42,33.93,0,0,0.007,2.02,2.744
2020-259-1948,-0.890374,-4.21459,0,18.88,34.12,0,0,0.007,2.007,3.038
2020-259-1949,-0.834729,-3.97109,0,19.16,34.07,0,0,0.007,1.153,1.862
2020-259-1950,-0.834729,-3.65265,0,24.02,33.97,0,0,0.007,1.117,1.47
2020-259-1951,-0.911246,-3.65266,0,21.79,33.81,0,0,0.007,1.444,2.156
2020-259-1952,-0.925164,-3.65268,0,20.53,33.87,0,0,0.007,1.432,1.862
2020-259-1953,-1.03647,-3.6527,0,21.08,33.83,0,0,0.007,1.31,1.862
2020-259-1954,-1.35645,-3.65271,0,22.15,33.86,0,0,0.007,1.392,1.862
2020-259-1955,-1.27298,-3.67144,0,20.42,33.87,0,0,0.007,1.509,1.862
2020-259-1956,-1.47470,-3.65269,0,19.81,33.85,0,0,0.007,1.037,1.274
2020-259-1957,-1.26601,-3.92428,0,22.05,33.83,0,0,0.007,1.134,1.764
2020-259-1958,-0.904290,-4.20992,0,18.78,33.85,0,0,0.007,0.892,1.47
2020-259-1959,-1.16166,-4.02259,0,16.64,33.85,0,0,0.007,1.027,1.568
2020-259-2000,-1.27297,-3.91023,0,17.64,33.86,0,0,0.007,0.962,1.666
2020-259-2001,-1.05037,-4.00858,0,17.61,33.95,0,0,0.007,2.011,2.352
2020-259-2002,-0.285202,-4.21465,0,17.26,34.06,0,0,0.007,1.736,1.96
2020-259-2003,0,-4.21468,0,16.54,34.12,0,0,0.007,1.602,1.96
2020-259-2004,0,-3.66677,0,16.75,34.11,0,0,0.007,1.316,1.666
2020-259-2005,0,-3.59652,0,17.65,34.12,0,0,0.007,1.728,2.254
2020-259-2006,0,-3.37642,0,18.49,34.13,0,0,0.007,1.493,2.45
2020-259-2007,0.034781,-3.09077,0,16.12,34.14,0,0,0.007,1.7,2.548
2020-259-2008,0.417373,-3.09077,0,16.82,34.15,0,0,0.007,1.493,1.862
2020-259-2009,0.584324,-3.44200,0,16.99,34.12,0,0,0.007,1.697,2.058
2020-259-2010,0.834750,-3.64807,0,19.21,34.06,0,0,0.007,1.426,2.058
2020-259-2011,0.834752,-3.33899,0,20.33,34.06,0,0,0.007,1.387,1.862
2020-259-2012,0.667803,-3.0908,0,23.53,34.05,0,0,0.007,1.338,1.568
2020-259-2013,0.159995,-3.20789,0,25.43,33.94,0,0,0.007,1.326,1.764
2020-259-2014,0,-3.65276,0,23.94,33.82,0,0,0.007,1.398,1.764
2020-259-2015,-0.333901,-3.65276,0,24.32,33.71,0,0,0.007,1.459,1.568
2020-259-2016,-0.806927,-3.65276,0,23.79,33.61,0,0,0.007,1.472,1.666
2020-259-2017,-0.834752,-3.65276,0,22.19,33.55,0,0,0.007,1.437,1.764
2020-259-2018,-0.834753,-3.83540,0,20.17,33.59,0,0,0.007,1.516,2.156
2020-259-2019,-0.834754,-4.21473,0,21.84,33.64,0,0,0.007,1.439,2.45
2020-259-2020,-0.834755,-4.21474,0,18.52,33.66,0,0,0.007,1.348,1.862
2020-259-2021,-0.834757,-4.21474,0,20.66,33.67,0,0,0.007,1.321,1.764
2020-259-2022,-0.862583,-4.21475,0,21.22,33.75,0,0,0.007,1.222,1.666
2020-259-2023,-1.39127,-4.21476,0,22.6,33.66,0,0,0.007,1.281,1.568
2020-259-2024,-1.66952,-4.21476,0,22.44,33.66,0,0,0.007,1.313,1.47
2020-259-2025,-1.66952,-4.21477,0,22.31,33.64,0,0,0.007,1.223,1.666
2020-259-2026,-1.66953,-4.21478,0,20.24,33.58,0,0,0.007,1.529,2.352
2020-259-2027,-1.66954,-4.21481,0,23.35,33.59,0,0,0.007,1.058,1.47
2020-259-2028,-1.66955,-4.21483,0,24.44,33.51,0,0,0.007,1.076,1.274
2020-259-2029,-1.66955,-4.21484,0,23.21,33.45,0,0,0.007,0.781,0.98
2020-259-2030,-1.66956,-4.21485,0,23.94,33.43,0,0,0.007,1.057,1.372
2020-259-2031,-1.68349,-4.21489,0,23.37,33.36,0,0,0.007,1.215,1.372
2020-259-2032,-1.69045,-4.21490,0,22.88,33.36,0,0,0.007,1.41,1.862
2020-259-2033,-1.66958,-4.21492,0,20.15,33.41,0,0,0.007,1.326,1.862
2020-259-2034,-1.66959,-4.21493,0,25.63,33.44,0,0,0.007,1.165,1.47
2020-259-2035,-1.66959,-4.21493,0,24.77,33.3,0,0,0.007,1.316,1.764
2020-259-2036,-1.67655,-4.21493,0,25.92,33.17,0,0,0.007,1.344,1.568
2020-259-2037,-2.08003,-4.21493,0,26.25,33.06,0,0,0.007,1.23,1.47
2020-259-2038,-2.08698,-4.21493,0,27.51,32.99,0,0,0.007,1.161,1.47
2020-259-2039,-2.08698,-4.21492,0,26.58,32.96,0,0,0.007,1.354,1.666
2020-259-2040,-2.09394,-4.21492,0,27.74,32.98,0,0,0.007,1.348,1.568
2020-259-2041,-2.08698,-4.21492,0,25.21,32.97,0,0,0.007,1.269,1.568
2020-259-2042,-1.89220,-4.21493,0,28.3,32.98,0,0,0.007,1.241,1.47
2020-259-2043,-1.66960,-4.21963,0,30.35,32.98,0,0,0.007,0.973,1.274
2020-259-2044,-1.78787,-4.21497,0,26.08,32.89,0,0,0.007,0.939,1.078
2020-259-2045,-2.09399,-4.30869,0,27.92,32.88,0,0,0.007,1.124,1.274
2020-259-2046,-2.19834,-4.22908,0,26.75,32.88,0,0,0.007,1.044,1.176
2020-259-2047,-2.25400,-4.21505,0,26.95,32.88,0,0,0.007,1.021,1.274
2020-259-2048,-2.03835,-4.32745,0,27.86,32.87,0,0,0.007,1.15,1.568
2020-259-2049,-1.98965,-4.27593,0,26.68,32.82,0,0,0.007,1.32,1.568
2020-259-2050,-1.86442,-4.47731,0,25.98,32.81,0,0,0.007,1.473,1.862
2020-259-2051,-1.66963,-4.36959,0,27.86,32.78,0,0,0.007,1.161,1.47
2020-259-2052,-1.66962,-4.21502,0,28.41,32.7,0,0,0.007,0.995,1.274
2020-259-2053,-1.67658,-4.32741,0,28.56,32.61,0,0,0.007,0.895,0.98
2020-259-2054,-1.83658,-4.49600,0,29.03,32.59,0,0,0.007,0.885,1.176
2020-259-2055,-1.96875,-4.49599,0,29.09,32.52,0,0,0.007,0.755,0.98
2020-259-2056,-2.14266,-4.49597,0,29.26,32.51,0,0,0.007,0.738,0.882
2020-259-2057,-2.10787,-4.49596,0,29.24,32.48,0,0,0.007,0.684,0.784
2020-259-2058,-2.02439,-4.49595,0,30.79,32.42,0,0,0.007,0.867,1.176
2020-259-2059,-1.82264,-4.49594,0,31.13,32.42,0,0,0.007,0.823,0.98
2020-259-2100,-1.66959,-4.49593,0,29.13,32.38,0,0,0.007,0.892,1.176
2020-259-2101,-1.66959,-4.49592,0,30.09,32.42,0,0,0.007,0.898,1.176
2020-259-2102,-1.74610,-4.49591,0,28.38,32.41,0,0,0.007,0.889,1.078
2020-259-2103,-1.98263,-4.49592,0,30.57,32.42,0,0,0.007,1.187,1.568
2020-259-2104,-1.66959,-4.50531,0,29.13,32.51,0,0,0.007,1.318,1.568
2020-259-2105,-1.66960,-4.49597,0,29.43,32.63,0,0,0.007,1.437,1.764
2020-259-2106,-1.66962,-4.49601,0,29.47,32.78,0,0,0.007,1.446,1.862
2020-259-2107,-1.66963,-4.49605,0,30.98,32.82,0,0,0.007,1.276,1.568
2020-259-2108,-1.66964,-4.49608,0,27.64,32.74,0,0,0.007,1.189,1.568
2020-259-2109,-1.66965,-4.49142,0,28.01,32.68,0,0,0.007,1.052,1.274
2020-259-2110,-1.66966,-4.23385,0,26.92,32.65,0,0,0.007,1.171,1.47
2020-259-2111,-1.68358,-4.21514,0,24.85,32.56,0,0,0.007,1.032,1.568
2020-259-2112,-1.68360,-4.32289,0,23.44,32.55,0,0,0.007,1.174,1.372
2020-259-2113,-1.66968,-4.30885,0,25.08,32.57,0,0,0.007,1.016,1.274
2020-259-2114,-1.66968,-4.30884,0,19.23,32.56,0,0,0.007,1.011,1.274
2020-259-2115,-1.66968,-4.21517,0,11.49,32.64,0,0,0.007,0.693,1.078
2020-259-2116,-1.66969,-4.21518,0,47.98,32.64,0,0,0.007,0.568,0.784
2020-259-2117,-1.66969,-4.2152,0,84.9,32.59,0,0,0.007,0.771,0.98
2020-259-2118,-1.66970,-4.21521,0,81.6,32.47,0,0,0.007,0.657,0.882
2020-259-2119,-1.66970,-4.21521,0,79.32,32.28,0,0,0.007,0.915,1.372
2020-259-2120,-1.54447,-4.21519,0,79.72,32.1,0,0,0.007,1.336,1.764
2020-259-2121,-1.66969,-4.21518,0,80.5,31.96,0,0,0.007,1.455,1.666
2020-259-2122,-1.39836,-4.23390,0,80.3,31.86,0,0,0.007,1.194,1.47
2020-259-2123,-0.980938,-4.21517,0,78.52,31.77,0,0,0.007,1.102,1.274
2020-259-2124,-1.25227,-3.86391,0,78.3,31.77,0,0,0.007,0.911,1.176
2020-259-2125,-0.91833,-3.65317,0,80.6,31.77,0,0,0.007,0.924,1.274
2020-259-2126,-0.834849,-3.39090,0,77.74,31.87,0,0,0.007,1.232,1.568
2020-259-2127,-0.834854,-3.34409,0,76.6,31.95,0,0,0.007,1.297,1.568
2020-259-2128,-0.834858,-3.09119,0,78.51,32.01,0,0,0.007,1.021,1.274
2020-259-2129,-0.834861,-3.09120,0,81,31.95,0,0,0.007,0.657,0.784
2020-259-2130,-0.834856,-3.09118,0,80.7,31.91,0,0,0.007,0.893,1.078
2020-259-2131,-0.834852,-3.25977,0,76.18,31.95,0,0,0.007,0.735,0.882
2020-259-2132,-0.834850,-3.65318,0,71.56,31.97,0,0,0.007,0.47,0.686
2020-259-2133,-0.834849,-3.65318,0,65.86,31.94,0,0,0.007,0.333,0.588
2020-259-2134,-0.9879,-3.74683,0,60.38,31.86,0,0,0.007,0.106,0.196
2020-259-2135,-1.02269,-4.21519,0,53.8,31.76,0,0,0.007,0.616,0.882
2020-259-2136,-0.890502,-4.21519,0,58.04,31.72,0,0,0.007,0.621,0.98
2020-259-2137,-1.38446,-3.88267,0,56.97,31.74,0,0,0.007,0.987,1.47
2020-259-2138,-1.68362,-3.65320,0,46.11,31.47,0,0,0.007,0.691,1.078
2020-259-2139,-2.00365,-3.65320,0,35.02,31.1,0,0,0.007,0.461,0.686
2020-259-2140,-2.08018,-4.12624,0,39.6,30.83,0,0,0.007,0.572,0.882
2020-259-2141,-2.03147,-4.25737,0,48.09,30.75,0,0,0.007,0.831,1.176
2020-259-2142,-1.66970,-4.49622,0,51.18,30.81,0,0,0.007,0.699,0.882
2020-259-2143,-1.66969,-4.41190,0,53.47,30.91,0,0,0.007,0.923,1.274
2020-259-2144,-1.66969,-4.21519,0,55.65,31.07,0,0,0.007,0.987,1.176
2020-259-2145,-1.66969,-4.22455,0,53.72,31.18,0,0,0.007,0.763,0.882
2020-259-2146,-1.66969,-4.49151,0,49.11,31.25,0,0,0.007,0.673,0.882
2020-259-2147,-1.66969,-4.49619,0,47.3,31.28,0,0,0.007,0.49,0.784
2020-259-2148,-1.66968,-4.26669,0,46.15,31.23,0,0,0.007,0.136,0.294
2020-259-2149,-1.69751,-4.21518,0,46.15,31.18,0,0,0.007,0.098,0.098
2020-259-2150,-2.03145,-4.21518,0,45.8,31.14,0,0,0.007,0.098,0.098
2020-259-2151,-2.41410,-4.21520,0,45.79,31.06,0,0,0.007,0.098,0.098
2020-259-2152,-2.50454,-4.2152,0,42.7,30.98,0,0,0.007,0.098,0.098
2020-259-2153,-2.44888,-4.21519,0,39.68,30.96,0,0,0.007,0.399,0.686
2020-259-2154,-1.81579,-4.33227,0,41.07,30.96,0,0,0.007,0.619,0.784
2020-259-2155,-1.66969,-4.49620,0,41.22,30.96,0,0,0.007,0.454,0.686
2020-259-2156,-1.66969,-4.49621,0,41.23,30.91,0,0,0.007,0.371,0.49
2020-259-2157,-1.86450,-4.49622,0,41.23,30.83,0,0,0.007,0.524,0.588
2020-259-2158,-1.94103,-4.49625,0,39.96,30.76,0,0,0.007,0.537,0.686
2020-259-2159,-2.47675,-4.49627,0,39.38,30.67,0,0,0.007,0.541,0.686
2020-259-2200,-2.50458,-4.49628,0,39.14,30.69,0,0,0.007,0.562,0.686
2020-259-2201,-2.50458,-4.49628,0,39.15,30.78,0,0,0.007,0.593,0.686
2020-259-2202,-2.50457,-4.49626,0,39.11,30.84,0,0,0.007,0.474,0.588
2020-259-2203,-2.50457,-4.49626,0,38.78,30.85,0,0,0.007,0.381,0.49
2020-259-2204,-2.50457,-4.49626,0,38.72,30.81,0,0,0.007,0.106,0.196
2020-259-2205,-2.50456,-4.49625,0,38.76,30.75,0,0,0.007,0.098,0.098
2020-259-2206,-2.50455,-4.49623,0,39.02,30.62,0,0,0.007,0.098,0.098
2020-259-2207,-2.50455,-4.48217,0,39.14,30.52,0,0,0.007,0.098,0.098
2020-259-2208,-1.91319,-4.21521,0,39.15,30.44,0,0,0.007,0.098,0.098
2020-259-2209,-1.66969,-4.43063,0,39.15,30.4,0,0,0.007,0.098,0.098
2020-259-2210,-1.66968,-4.49619,0,39.16,30.35,0,0,0.007,0.098,0.098
2020-259-2211,-1.66968,-4.49617,0,39.15,30.31,0,0,0.007,0.098,0.098
2020-259-2212,-1.51662,-4.49615,0,40.86,30.32,0,0,0.007,0.361,0.49
2020-259-2213,-0.834835,-4.49615,0,45.44,30.4,0,0,0.007,0.434,0.588
2020-259-2214,-0.834834,-4.39779,0,49.87,30.48,0,0,0.007,0.394,0.49
2020-259-2215,-1.51661,-4.21512,0,48.64,30.54,0,0,0.007,0.555,0.784
2020-259-2216,-1.66967,-4.21513,0,49.19,30.59,0,0,0.007,0.472,0.686
2020-259-2217,-1.66967,-4.15424,0,46.24,30.62,0,0,0.007,0.353,0.49
2020-259-2218,-1.66967,-4.12614,0,46.13,30.58,0,0,0.007,0.162,0.392
2020-259-2219,-1.57226,-4.12144,0,47.57,30.51,0,0,0.007,0.469,0.686
2020-259-2220,-1.16181,-4.21512,0,47.65,30.47,0,0,0.007,0.105,0.294
2020-259-2221,-1.46096,-3.80298,0,47.62,30.41,0,0,0.007,0.098,0.098
2020-259-2222,-1.66967,-3.75148,0,47.54,30.37,0,0,0.007,0.098,0.098
2020-259-2223,-1.66967,-4.21514,0,43.65,30.37,0,0,0.007,0.098,0.098
2020-259-2224,-1.66968,-4.21515,0,31.75,30.41,0,0,0.007,0.449,0.882
2020-259-2225,-1.66968,-4.06529,0,25.94,30.41,0,0,0.007,1.057,1.176
2020-259-2226,-1.66969,-3.67190,0,30.49,30.51,0,0,0.007,1.027,1.176
2020-259-2227,-1.66970,-3.65318,0,33.74,30.63,0,0,0.007,1.2,1.372
2020-259-2228,-1.66970,-3.65319,0,31.73,30.67,0,0,0.007,0.98,1.176
2020-259-2229,-1.66971,-3.65320,0,28.65,30.66,0,0,0.007,0.988,1.176
2020-259-2230,-1.66971,-3.65789,0,32.87,30.65,0,0,0.007,0.918,1.078
2020-259-2231,-1.62797,-4.20120,0,39.53,30.74,0,0,0.007,1.416,1.862
2020-259-2232,-1.20359,-4.21527,0,39.5,30.82,0,0,0.007,1.754,1.862
2020-259-2233,-0.939224,-4.21997,0,41.15,30.77,0,0,0.007,1.699,1.862
2020-259-2234,-0.834865,-4.47758,0,42.53,30.74,0,0,0.007,1.844,2.058
2020-259-2235,-0.834864,-4.49630,0,43.17,30.65,0,0,0.007,1.584,1.96
2020-259-2236,-0.834862,-4.38857,0,43.56,30.45,0,0,0.007,1.423,1.764
2020-259-2237,-1.62101,-4.12626,0,43.55,30.11,0,0,0.007,1.205,1.764
2020-259-2238,-1.66970,-3.74687,0,43.17,29.87,0,0,0.007,1.179,1.47
2020-259-2239,-1.66970,-3.99040,0,44.15,29.68,0,0,0.007,1.163,1.764
2020-259-2240,-1.66969,-3.65317,0,40.96,29.57,0,0,0.007,1.125,1.47
