time (UTC),sea_floor_depth_below_sea_surface (m)
2017-01-01T02:30:00Z,4944.203
2017-01-01T03:00:00Z,4944.215
2017-01-01T03:30:00Z,4944.237
2017-01-01T04:00:00Z,4944.261
2017-01-01T04:30:00Z,4944.287
2017-01-01T05:00:00Z,4944.306
2017-01-01T05:30:00Z,4944.311
2017-01-01T06:00:00Z,4944.307
2017-01-01T06:30:00Z,4944.282
2017-01-01T07:00:00Z,4944.242
2017-01-01T09:30:00Z,4943.819
2017-01-01T10:00:00Z,4943.708
2017-01-01T12:30:00Z,4943.295
2017-01-01T13:00:00Z,4943.271
2017-01-01T13:30:00Z,4943.271
2017-01-01T14:00:00Z,4943.296
2017-01-01T14:30:00Z,4943.345
2017-01-01T15:00:00Z,4943.414
2017-01-01T15:30:00Z,4943.506
2017-01-01T16:00:00Z,4943.608
2017-01-01T16:30:00Z,4943.718
2017-01-01T17:00:00Z,4943.827
2017-01-01T21:30:00Z,4944.377
2017-01-01T22:00:00Z,4944.363
2017-01-01T22:30:00Z,4944.341
2017-01-01T23:00:00Z,4944.313
2017-01-01T23:30:00Z,4944.285
2017-01-02T00:00:00Z,4944.258
2017-01-02T00:30:00Z,4944.221
2017-01-02T01:00:00Z,4944.197
2017-01-02T01:30:00Z,4944.182
2017-01-02T02:00:00Z,4944.175
2017-01-02T02:30:00Z,4944.174
2017-01-02T03:00:00Z,4944.176
2017-01-02T05:30:00Z,4944.279
2017-01-02T06:00:00Z,4944.289
2017-01-02T07:30:00Z,4944.221
2017-01-02T08:00:00Z,4944.168
2017-01-02T08:30:00Z,4944.1
2017-01-02T09:00:00Z,4944.021
2017-01-02T09:30:00Z,4943.924
2017-01-02T10:00:00Z,4943.82
2017-01-02T10:30:00Z,4943.715
2017-01-02T11:00:00Z,4943.612
2017-01-02T11:30:00Z,4943.523
2017-01-02T12:00:00Z,4943.45
2017-01-02T12:30:00Z,4943.394
2017-01-02T13:00:00Z,4943.352
2017-01-02T13:30:00Z,4943.326
2017-01-02T14:00:00Z,4943.326
2017-01-02T14:30:00Z,4943.353
2017-01-02T15:00:00Z,4943.4
2017-01-02T15:30:00Z,4943.47
2017-01-02T16:00:00Z,4943.561
2017-01-02T16:30:00Z,4943.663
2017-01-02T17:00:00Z,4943.769
2017-01-02T17:30:00Z,4943.878
2017-01-02T18:00:00Z,4943.985
2017-01-02T18:30:00Z,4944.089
2017-01-02T19:00:00Z,4944.177
2017-01-02T19:30:00Z,4944.255
2017-01-02T20:00:00Z,4944.313
2017-01-02T20:30:00Z,4944.352
2017-01-02T21:00:00Z,4944.373
2017-01-02T21:30:00Z,4944.377
2017-01-02T22:00:00Z,4944.37
2017-01-02T22:30:00Z,4944.35
2017-01-02T23:00:00Z,4944.32
2017-01-02T23:30:00Z,4944.291
2017-01-03T00:00:00Z,4944.253
2017-01-03T00:30:00Z,4944.214
2017-01-03T01:00:00Z,4944.177
2017-01-03T01:30:00Z,4944.142
2017-01-03T02:00:00Z,4944.121
2017-01-03T02:30:00Z,4944.106
2017-01-03T03:00:00Z,4944.107
2017-01-03T03:30:00Z,4944.119
2017-01-03T04:00:00Z,4944.134
2017-01-03T04:30:00Z,4944.155
2017-01-03T05:00:00Z,4944.179
2017-01-03T05:30:00Z,4944.206
2017-01-03T06:00:00Z,4944.228
2017-01-03T06:30:00Z,4944.243
2017-01-03T07:00:00Z,4944.247
2017-01-03T07:30:00Z,4944.243
2017-01-03T08:00:00Z,4944.221
2017-01-03T08:30:00Z,4944.182
2017-01-03T09:00:00Z,4944.13
2017-01-03T09:30:00Z,4944.061
2017-01-03T10:00:00Z,4943.983
2017-01-03T10:30:00Z,4943.892
2017-01-03T11:00:00Z,4943.798
2017-01-03T11:30:00Z,4943.707
2017-01-03T12:00:00Z,4943.624
2017-01-03T12:30:00Z,4943.553
2017-01-03T13:00:00Z,4943.493
2017-01-03T13:30:00Z,4943.451
2017-01-03T14:00:00Z,4943.431
2017-01-03T14:30:00Z,4943.434
2017-01-03T15:00:00Z,4943.46
2017-01-03T15:30:00Z,4943.509
2017-01-03T16:00:00Z,4943.573
2017-01-03T16:30:00Z,4943.649
2017-01-03T17:00:00Z,4943.73
2017-01-03T17:30:00Z,4943.825
2017-01-03T18:00:00Z,4943.919
2017-01-03T18:30:00Z,4944.017
2017-01-03T19:00:00Z,4944.112
2017-01-03T20:30:00Z,4944.316
2017-01-03T21:00:00Z,4944.349
2017-01-03T21:30:00Z,4944.362
2017-01-03T22:00:00Z,4944.366
2017-01-03T23:30:00Z,4944.301
2017-01-04T00:00:00Z,4944.26
2017-01-04T01:30:00Z,4944.127
2017-01-04T02:00:00Z,4944.088
2017-01-04T02:30:00Z,4944.057
2017-01-04T03:00:00Z,4944.039
2017-01-04T03:30:00Z,4944.03
2017-01-04T04:00:00Z,4944.036
2017-01-04T04:30:00Z,4944.05
2017-01-04T05:00:00Z,4944.07
2017-01-04T15:30:00Z,4943.542
2017-01-04T16:00:00Z,4943.581
2017-01-05T07:30:00Z,4943.976
2017-01-05T08:00:00Z,4943.996
2017-01-05T12:30:00Z,4943.788
2017-01-05T13:00:00Z,4943.735
2017-01-05T14:30:00Z,4943.629
2017-01-05T15:00:00Z,4943.616
2017-01-05T17:30:00Z,4943.778
2017-01-05T18:00:00Z,4943.843
2017-01-05T20:30:00Z,4944.212
2017-01-05T21:00:00Z,4944.259
2017-01-05T22:30:00Z,4944.312
2017-01-05T23:00:00Z,4944.305
2017-01-05T23:30:00Z,4944.282
2017-01-06T00:00:00Z,4944.246
2017-01-06T00:30:00Z,4944.202
2017-01-06T01:00:00Z,4944.14
2017-01-06T01:30:00Z,4944.077
2017-01-06T02:00:00Z,4944.01
2017-01-06T02:30:00Z,4943.948
2017-01-06T03:00:00Z,4943.891
2017-01-06T03:30:00Z,4943.847
2017-01-06T04:00:00Z,4943.805
2017-01-06T04:30:00Z,4943.78
2017-01-06T05:00:00Z,4943.766
2017-01-06T05:30:00Z,4943.755
2017-01-06T06:00:00Z,4943.756
2017-01-06T06:30:00Z,4943.765
2017-01-06T07:00:00Z,4943.783
2017-01-06T07:30:00Z,4943.809
2017-01-06T08:00:00Z,4943.843
2017-01-06T08:30:00Z,4943.87
2017-01-06T09:00:00Z,4943.897
2017-01-06T10:30:00Z,4943.928
2017-01-06T11:00:00Z,4943.922
2017-01-06T11:30:00Z,4943.914
2017-01-06T12:00:00Z,4943.893
2017-01-06T12:30:00Z,4943.866
2017-01-06T13:00:00Z,4943.832
2017-01-06T14:30:00Z,4943.746
2017-01-06T15:00:00Z,4943.733
2017-01-06T15:30:00Z,4943.737
2017-01-06T16:00:00Z,4943.743
2017-01-06T16:30:00Z,4943.755
2017-01-06T17:00:00Z,4943.778
2017-01-06T17:30:00Z,4943.81
2017-01-06T18:00:00Z,4943.852
2017-01-06T19:30:00Z,4944.036
2017-01-06T20:00:00Z,4944.101
2017-01-07T01:30:00Z,4944.075
2017-01-07T02:00:00Z,4944.003
2017-01-07T02:30:00Z,4943.929
2017-01-07T03:00:00Z,4943.857
2017-01-07T03:30:00Z,4943.794
2017-01-07T04:00:00Z,4943.74
2017-01-07T08:30:00Z,4943.648
2017-01-07T09:00:00Z,4943.681
2017-01-07T10:30:00Z,4943.785
2017-01-07T11:00:00Z,4943.813
2017-01-09T09:30:00Z,4943.366
2017-01-09T10:00:00Z,4943.399
2017-01-09T11:30:00Z,4943.581
2017-01-09T12:00:00Z,4943.662
2017-01-09T12:30:00Z,4943.737
2017-01-09T13:00:00Z,4943.809
2017-01-09T13:30:00Z,4943.878
2017-01-09T14:00:00Z,4943.941
2017-01-09T14:30:00Z,4944.002
2017-01-09T15:00:00Z,4944.053
2017-01-09T15:30:00Z,4944.102
2017-01-09T16:00:00Z,4944.138
2017-01-09T16:30:00Z,4944.164
2017-01-09T17:00:00Z,4944.177
2017-01-09T17:30:00Z,4944.188
2017-01-09T18:00:00Z,4944.193
2017-01-09T18:30:00Z,4944.201
2017-01-09T19:00:00Z,4944.214
2017-01-09T19:30:00Z,4944.236
2017-01-09T20:00:00Z,4944.252
2017-01-09T20:30:00Z,4944.277
2017-01-09T21:00:00Z,4944.3
2017-01-09T21:30:00Z,4944.326
2017-01-09T22:00:00Z,4944.354
2017-01-09T22:30:00Z,4944.385
2017-01-09T23:00:00Z,4944.408
2017-01-10T04:30:00Z,4943.995
2017-01-10T05:00:00Z,4943.893
2017-01-10T10:30:00Z,4943.273
2017-01-10T11:00:00Z,4943.319
2017-01-10T11:30:00Z,4943.383
2017-01-10T12:00:00Z,4943.462
2017-01-10T12:30:00Z,4943.549
2017-01-10T13:00:00Z,4943.641
2017-01-10T15:30:00Z,4944.071
2017-01-10T16:00:00Z,4944.135
2017-01-10T16:30:00Z,4944.183
2017-01-10T17:00:00Z,4944.217
2017-01-10T17:30:00Z,4944.236
2017-01-10T18:00:00Z,4944.251
2017-01-10T22:30:00Z,4944.336
2017-01-10T23:00:00Z,4944.361
2017-01-11T09:30:00Z,4943.163
2017-01-11T10:00:00Z,4943.13
2017-01-11T10:30:00Z,4943.123
2017-01-11T11:00:00Z,4943.141
2017-01-11T11:30:00Z,4943.183
2017-01-11T12:00:00Z,4943.243
2017-01-11T12:30:00Z,4943.323
2017-01-11T13:00:00Z,4943.414
2017-01-11T13:30:00Z,4943.523
2017-01-11T14:00:00Z,4943.636
2017-01-11T14:30:00Z,4943.752
2017-01-11T15:00:00Z,4943.865
2017-01-11T15:30:00Z,4943.976
2017-01-11T16:00:00Z,4944.072
2017-01-11T16:30:00Z,4944.15
2017-01-11T17:00:00Z,4944.214
2017-01-11T17:30:00Z,4944.257
2017-01-11T18:00:00Z,4944.29
2017-01-11T18:30:00Z,4944.31
2017-01-11T19:00:00Z,4944.321
2017-01-11T19:30:00Z,4944.324
2017-01-11T20:00:00Z,4944.322
2017-01-11T20:30:00Z,4944.319
2017-01-11T21:00:00Z,4944.311
2017-01-11T21:30:00Z,4944.308
2017-01-11T22:00:00Z,4944.315
2017-01-11T22:30:00Z,4944.325
2017-01-11T23:00:00Z,4944.342
2017-01-11T23:30:00Z,4944.359
2017-01-12T00:00:00Z,4944.379
2017-01-12T00:30:00Z,4944.404
2017-01-12T01:00:00Z,4944.416
2017-01-12T01:30:00Z,4944.426
2017-01-12T02:00:00Z,4944.432
2017-01-12T02:30:00Z,4944.426
2017-01-12T03:00:00Z,4944.416
2017-01-12T03:30:00Z,4944.391
2017-01-12T04:00:00Z,4944.357
2017-01-12T04:30:00Z,4944.303
2017-01-12T05:00:00Z,4944.234
2017-01-12T05:30:00Z,4944.139
2017-01-12T06:00:00Z,4944.034
2017-01-12T06:30:00Z,4943.916
2017-01-12T07:00:00Z,4943.791
2017-01-12T07:30:00Z,4943.668
2017-01-12T08:00:00Z,4943.547
2017-01-12T08:30:00Z,4943.433
2017-01-12T09:00:00Z,4943.323
2017-01-12T09:30:00Z,4943.233
2017-01-12T10:00:00Z,4943.161
2017-01-12T10:30:00Z,4943.111
2017-01-12T11:00:00Z,4943.089
2017-01-12T11:30:00Z,4943.095
2017-01-12T12:00:00Z,4943.125
2017-01-12T12:30:00Z,4943.178
2017-01-12T13:00:00Z,4943.25
2017-01-12T13:30:00Z,4943.344
2017-01-12T14:00:00Z,4943.457
2017-01-12T18:30:00Z,4944.318
2017-01-12T19:00:00Z,4944.34
2017-01-12T20:30:00Z,4944.346
2017-01-12T21:00:00Z,4944.33
2017-01-12T22:30:00Z,4944.293
2017-01-12T23:00:00Z,4944.29
2017-01-12T23:30:00Z,4944.299
2017-01-13T00:00:00Z,4944.31
2017-01-13T00:30:00Z,4944.327
2017-01-13T01:00:00Z,4944.346
2017-01-13T01:30:00Z,4944.369
2017-01-13T02:00:00Z,4944.389
2017-01-13T02:30:00Z,4944.408
2017-01-13T03:00:00Z,4944.424
2017-01-13T03:30:00Z,4944.43
2017-01-13T04:00:00Z,4944.427
2017-01-13T06:30:00Z,4944.134
2017-01-13T07:00:00Z,4944.026
2017-01-13T08:30:00Z,4943.647
2017-01-13T09:00:00Z,4943.519
2017-01-13T09:30:00Z,4943.4
2017-01-13T10:00:00Z,4943.297
2017-01-13T10:30:00Z,4943.214
2017-01-13T11:00:00Z,4943.151
2017-01-13T11:30:00Z,4943.114
2017-01-13T12:00:00Z,4943.104
2017-01-13T12:30:00Z,4943.118
2017-01-13T13:00:00Z,4943.159
2017-01-13T13:30:00Z,4943.22
2017-01-13T14:00:00Z,4943.308
2017-01-13T14:30:00Z,4943.421
2017-01-13T15:00:00Z,4943.548
2017-01-13T15:30:00Z,4943.687
2017-01-13T16:00:00Z,4943.824
2017-01-13T16:30:00Z,4943.948
2017-01-13T17:00:00Z,4944.059
2017-01-13T17:30:00Z,4944.151
2017-01-13T18:00:00Z,4944.223
2017-01-13T18:30:00Z,4944.283
2017-01-13T19:00:00Z,4944.324
2017-01-13T19:30:00Z,4944.347
2017-01-13T20:00:00Z,4944.357
2017-01-13T20:30:00Z,4944.354
2017-01-13T21:00:00Z,4944.336
2017-01-13T21:30:00Z,4944.311
2017-01-13T22:00:00Z,4944.285
2017-01-13T22:30:00Z,4944.257
2017-01-13T23:00:00Z,4944.236
2017-01-13T23:30:00Z,4944.226
2017-01-14T00:00:00Z,4944.219
2017-01-14T01:30:00Z,4944.25
2017-01-14T02:00:00Z,4944.273
2017-01-14T03:30:00Z,4944.365
2017-01-14T04:00:00Z,4944.391
2017-01-14T04:30:00Z,4944.406
2017-01-14T05:00:00Z,4944.404
2017-01-14T05:30:00Z,4944.38
2017-01-14T06:00:00Z,4944.341
2017-01-14T07:30:00Z,4944.106
2017-01-14T08:00:00Z,4943.996
2017-01-14T08:30:00Z,4943.877
2017-01-14T09:00:00Z,4943.749
2017-01-14T09:30:00Z,4943.618
2017-01-14T10:00:00Z,4943.496
2017-01-14T10:30:00Z,4943.385
2017-01-14T11:00:00Z,4943.29
2017-01-14T11:30:00Z,4943.223
2017-01-14T12:00:00Z,4943.175
2017-01-14T12:30:00Z,4943.153
2017-01-14T13:00:00Z,4943.155
2017-01-14T13:30:00Z,4943.181
2017-01-14T14:00:00Z,4943.234
2017-01-14T14:30:00Z,4943.318
2017-01-14T15:00:00Z,4943.425
2017-01-14T15:30:00Z,4943.553
2017-01-14T16:00:00Z,4943.685
2017-01-14T22:30:00Z,4944.249
2017-01-14T23:00:00Z,4944.211
2017-01-14T23:30:00Z,4944.178
2017-01-15T00:00:00Z,4944.156
2017-01-15T15:30:00Z,4943.455
2017-01-15T16:00:00Z,4943.573
2017-01-15T16:30:00Z,4943.699
2017-01-15T17:00:00Z,4943.819
2017-01-15T18:30:00Z,4944.142
2017-01-15T19:00:00Z,4944.218
2017-01-15T19:30:00Z,4944.276
2017-01-15T20:00:00Z,4944.313
2017-01-15T21:30:00Z,4944.305
2017-01-15T22:00:00Z,4944.274
2017-01-15T22:30:00Z,4944.232
2017-01-15T23:00:00Z,4944.181
2017-01-16T06:30:00Z,4944.256
2017-01-16T07:00:00Z,4944.246
2017-01-16T08:30:00Z,4944.113
2017-01-16T09:00:00Z,4944.032
2017-01-16T09:30:00Z,4943.936
2017-01-16T10:00:00Z,4943.841
2017-01-16T11:30:00Z,4943.539
2017-01-16T12:00:00Z,4943.461
2017-01-16T12:30:00Z,4943.389
2017-01-16T13:00:00Z,4943.338
2017-01-16T13:30:00Z,4943.304
2017-01-16T14:00:00Z,4943.296
2017-01-16T17:30:00Z,4943.858
2017-01-16T18:00:00Z,4943.971
2017-01-16T19:30:00Z,4944.24
2017-01-16T20:00:00Z,4944.295
2017-01-16T20:30:00Z,4944.328
2017-01-16T21:00:00Z,4944.335
2017-01-16T21:30:00Z,4944.328
2017-01-16T22:00:00Z,4944.303
2017-01-16T22:30:00Z,4944.263
2017-01-16T23:00:00Z,4944.213
2017-01-16T23:30:00Z,4944.158
2017-01-17T00:00:00Z,4944.106
2017-01-17T00:30:00Z,4944.051
2017-01-17T01:00:00Z,4944.0
2017-01-17T01:30:00Z,4943.959
2017-01-17T02:00:00Z,4943.924
2017-01-17T02:30:00Z,4943.911
2017-01-17T03:00:00Z,4943.909
2017-01-17T03:30:00Z,4943.928
2017-01-17T04:00:00Z,4943.96
2017-01-17T04:30:00Z,4944.0
2017-01-17T05:00:00Z,4944.044
2017-01-17T05:30:00Z,4944.087
2017-01-17T06:00:00Z,4944.132
2017-01-17T06:30:00Z,4944.17
2017-01-17T07:00:00Z,4944.193
2017-01-17T07:30:00Z,4944.201
2017-01-17T08:00:00Z,4944.19
2017-01-17T08:30:00Z,4944.161
2017-01-17T09:00:00Z,4944.111
2017-01-17T09:30:00Z,4944.047
2017-01-17T10:00:00Z,4943.973
2017-01-17T10:30:00Z,4943.895
2017-01-17T11:00:00Z,4943.811
2017-01-17T11:30:00Z,4943.722
2017-01-17T12:00:00Z,4943.643
2017-01-17T12:30:00Z,4943.567
2017-01-17T13:00:00Z,4943.499
2017-01-17T13:30:00Z,4943.453
2017-01-17T14:00:00Z,4943.424
2017-01-17T14:30:00Z,4943.418
2017-01-17T15:00:00Z,4943.434
2017-01-17T15:30:00Z,4943.48
2017-01-17T16:00:00Z,4943.542
2017-01-17T16:30:00Z,4943.62
2017-01-17T17:00:00Z,4943.708
2017-01-17T17:30:00Z,4943.802
2017-01-17T18:00:00Z,4943.905
2017-01-17T18:30:00Z,4944.008
2017-01-17T19:00:00Z,4944.106
2017-01-17T19:30:00Z,4944.189
2017-01-17T20:00:00Z,4944.26
2017-01-17T20:30:00Z,4944.304
2017-01-17T21:00:00Z,4944.331
2017-01-17T21:30:00Z,4944.336
2017-01-17T22:00:00Z,4944.32
2017-01-17T22:30:00Z,4944.284
2017-01-17T23:00:00Z,4944.237
2017-01-17T23:30:00Z,4944.181
2017-01-18T00:00:00Z,4944.122
2017-01-18T00:30:00Z,4944.056
2017-01-18T01:00:00Z,4943.987
2017-01-18T01:30:00Z,4943.93
2017-01-18T02:00:00Z,4943.88
2017-01-18T02:30:00Z,4943.844
2017-01-18T03:00:00Z,4943.821
2017-01-18T04:30:00Z,4943.849
2017-01-18T05:00:00Z,4943.884
2017-01-18T05:30:00Z,4943.924
2017-01-18T06:00:00Z,4943.962
2017-01-18T08:30:00Z,4944.108
2017-01-18T09:00:00Z,4944.096
2017-01-18T09:30:00Z,4944.065
2017-01-18T10:00:00Z,4944.021
2017-01-18T11:30:00Z,4943.853
2017-01-18T12:00:00Z,4943.785
2017-01-18T12:30:00Z,4943.72
2017-01-18T13:00:00Z,4943.663
2017-01-18T13:30:00Z,4943.609
2017-01-18T14:00:00Z,4943.57
2017-01-18T14:30:00Z,4943.546
2017-01-18T15:00:00Z,4943.545
2017-01-18T15:30:00Z,4943.567
2017-01-18T16:00:00Z,4943.608
2017-01-18T16:30:00Z,4943.661
2017-01-18T17:00:00Z,4943.726
2017-01-18T20:30:00Z,4944.275
2017-01-18T21:00:00Z,4944.314
2017-01-18T21:30:00Z,4944.332
2017-01-18T22:00:00Z,4944.331
2017-01-18T23:30:00Z,4944.228
2017-01-19T00:00:00Z,4944.175
2017-01-19T00:30:00Z,4944.108
2017-01-19T01:00:00Z,4944.037
2017-01-19T01:30:00Z,4943.96
2017-01-19T02:00:00Z,4943.891
2017-01-19T02:30:00Z,4943.833
2017-01-19T03:00:00Z,4943.788
2017-01-19T03:30:00Z,4943.76
2017-01-19T04:00:00Z,4943.747
2017-01-19T04:30:00Z,4943.749
2017-01-19T05:00:00Z,4943.764
2017-01-19T05:30:00Z,4943.787
2017-01-19T06:00:00Z,4943.816
2017-01-19T06:30:00Z,4943.85
2017-01-19T07:00:00Z,4943.889
2017-01-19T07:30:00Z,4943.93
2017-01-19T08:00:00Z,4943.967
2017-01-19T08:30:00Z,4943.997
2017-01-19T09:00:00Z,4944.014
2017-01-19T09:30:00Z,4944.017
2017-01-19T10:00:00Z,4944.008
2017-01-19T10:30:00Z,4943.99
2017-01-19T11:00:00Z,4943.959
2017-01-19T11:30:00Z,4943.927
2017-01-19T12:00:00Z,4943.89
2017-01-19T12:30:00Z,4943.843
2017-01-19T13:00:00Z,4943.8
2017-01-19T13:30:00Z,4943.754
2017-01-19T14:00:00Z,4943.721
2017-01-19T14:30:00Z,4943.696
2017-01-19T15:00:00Z,4943.688
2017-01-19T15:30:00Z,4943.692
2017-01-19T16:00:00Z,4943.711
2017-01-19T16:30:00Z,4943.744
2017-01-19T17:00:00Z,4943.783
2017-01-19T17:30:00Z,4943.836
2017-01-19T18:00:00Z,4943.899
2017-01-19T18:30:00Z,4943.969
2017-01-19T19:00:00Z,4944.04
2017-01-19T19:30:00Z,4944.112
2017-01-19T20:00:00Z,4944.179
2017-01-19T20:30:00Z,4944.237
2017-01-19T21:00:00Z,4944.291
2017-01-19T21:30:00Z,4944.326
2017-01-19T22:00:00Z,4944.341
2017-01-19T22:30:00Z,4944.336
2017-01-19T23:00:00Z,4944.317
2017-01-19T23:30:00Z,4944.28
2017-01-20T00:00:00Z,4944.231
2017-01-20T01:30:00Z,4944.024
2017-01-20T02:00:00Z,4943.95
2017-01-20T08:30:00Z,4943.826
2017-01-20T09:00:00Z,4943.859
2017-01-20T09:30:00Z,4943.883
2017-01-20T10:00:00Z,4943.903
2017-01-20T10:30:00Z,4943.916
2017-01-20T11:00:00Z,4943.915
2017-01-20T11:30:00Z,4943.909
2017-01-20T12:00:00Z,4943.896
2017-01-20T19:30:00Z,4944.048
2017-01-20T20:00:00Z,4944.105
2017-01-21T00:30:00Z,4944.177
2017-01-21T01:00:00Z,4944.116
2017-01-21T02:30:00Z,4943.888
2017-01-21T03:00:00Z,4943.807
2017-01-21T04:30:00Z,4943.64
2017-01-21T05:00:00Z,4943.606
2017-01-21T06:30:00Z,4943.562
2017-01-21T07:00:00Z,4943.571
2017-01-21T17:30:00Z,4943.908
2017-01-21T18:00:00Z,4943.931
2017-01-21T19:30:00Z,4944.037
2017-01-21T20:00:00Z,4944.083
2017-01-22T04:30:00Z,4943.661
2017-01-22T05:00:00Z,4943.601
2017-01-22T05:30:00Z,4943.557
2017-01-22T06:00:00Z,4943.517
2017-01-22T11:30:00Z,4943.716
2017-01-22T12:00:00Z,4943.758
2017-01-22T16:30:00Z,4943.952
2017-01-22T17:00:00Z,4943.965
2017-01-22T17:30:00Z,4943.976
2017-01-22T18:00:00Z,4943.991
2017-01-22T18:30:00Z,4944.002
2017-01-22T19:00:00Z,4944.024
2017-01-22T21:30:00Z,4944.165
2017-01-22T22:00:00Z,4944.189
2017-01-22T22:30:00Z,4944.212
2017-01-22T23:00:00Z,4944.224
2017-01-22T23:30:00Z,4944.231
2017-01-23T00:00:00Z,4944.233
2017-01-23T00:30:00Z,4944.216
2017-01-23T01:00:00Z,4944.187
2017-01-23T01:30:00Z,4944.144
2017-01-23T02:00:00Z,4944.084
2017-01-23T02:30:00Z,4944.016
2017-01-23T03:00:00Z,4943.948
2017-01-23T03:30:00Z,4943.877
2017-01-23T04:00:00Z,4943.804
2017-01-23T05:30:00Z,4943.602
2017-01-23T06:00:00Z,4943.542
2017-01-23T06:30:00Z,4943.49
2017-01-23T07:00:00Z,4943.445
2017-01-23T10:30:00Z,4943.489
2017-01-23T11:00:00Z,4943.537
2017-01-23T12:30:00Z,4943.704
2017-01-23T13:00:00Z,4943.757
2017-01-23T21:30:00Z,4944.152
2017-01-23T22:00:00Z,4944.173
2017-01-23T23:30:00Z,4944.215
2017-01-24T00:00:00Z,4944.217
2017-01-24T00:30:00Z,4944.217
2017-01-24T01:00:00Z,4944.205
2017-01-24T01:30:00Z,4944.181
2017-01-24T02:00:00Z,4944.144
2017-01-24T02:30:00Z,4944.091
2017-01-24T03:00:00Z,4944.04
2017-01-24T03:30:00Z,4943.977
2017-01-24T04:00:00Z,4943.912
2017-01-24T06:30:00Z,4943.54
2017-01-24T07:00:00Z,4943.473
2017-01-24T12:30:00Z,4943.579
2017-01-24T13:00:00Z,4943.653
2017-01-24T16:30:00Z,4944.065
2017-01-24T17:00:00Z,4944.095
2017-01-24T17:30:00Z,4944.117
2017-01-24T18:00:00Z,4944.133
2017-01-24T21:30:00Z,4944.161
2017-01-24T22:00:00Z,4944.168
2017-01-25T04:30:00Z,4943.961
2017-01-25T05:00:00Z,4943.889
2017-01-25T06:30:00Z,4943.637
2017-01-25T07:00:00Z,4943.555
2017-01-25T07:30:00Z,4943.477
2017-01-25T08:00:00Z,4943.41
2017-01-25T08:30:00Z,4943.357
2017-01-25T09:00:00Z,4943.311
2017-01-25T10:30:00Z,4943.274
2017-01-25T11:00:00Z,4943.302
2017-01-25T11:30:00Z,4943.344
2017-01-25T12:00:00Z,4943.4
2017-01-25T18:30:00Z,4944.213
2017-01-25T19:00:00Z,4944.217
2017-01-25T19:30:00Z,4944.223
2017-01-25T20:00:00Z,4944.219
2017-01-25T20:30:00Z,4944.219
2017-01-25T21:00:00Z,4944.214
2017-01-25T22:30:00Z,4944.199
2017-01-25T23:00:00Z,4944.204
2017-01-25T23:30:00Z,4944.213
2017-01-26T00:00:00Z,4944.222
2017-01-26T01:30:00Z,4944.245
2017-01-26T02:00:00Z,4944.241
2017-01-26T02:30:00Z,4944.228
2017-01-26T03:00:00Z,4944.209
2017-01-26T04:30:00Z,4944.091
2017-01-26T05:00:00Z,4944.03
2017-01-26T05:30:00Z,4943.958
2017-01-26T06:00:00Z,4943.875
2017-01-26T07:30:00Z,4943.603
2017-01-26T08:00:00Z,4943.518
2017-01-26T08:30:00Z,4943.438
2017-01-26T09:00:00Z,4943.366
2017-01-26T09:30:00Z,4943.305
2017-01-26T10:00:00Z,4943.265
2017-01-26T12:30:00Z,4943.369
2017-01-26T13:00:00Z,4943.44
2017-01-26T13:30:00Z,4943.522
2017-01-26T14:00:00Z,4943.616
2017-01-26T14:30:00Z,4943.715
2017-01-26T15:00:00Z,4943.809
2017-01-27T00:30:00Z,4944.22
2017-01-27T01:00:00Z,4944.225
2017-01-27T01:30:00Z,4944.235
2017-01-27T02:00:00Z,4944.241
2017-01-27T02:30:00Z,4944.243
2017-01-27T03:00:00Z,4944.238
2017-01-27T04:30:00Z,4944.183
2017-01-27T05:00:00Z,4944.134
2017-01-27T06:30:00Z,4943.915
2017-01-27T07:00:00Z,4943.822
2017-01-27T08:30:00Z,4943.529
2017-01-27T09:00:00Z,4943.438
2017-01-27T15:30:00Z,4943.823
2017-01-27T16:00:00Z,4943.927
2017-01-27T16:30:00Z,4944.022
2017-01-27T17:00:00Z,4944.104
2017-01-27T18:30:00Z,4944.263
2017-01-27T19:00:00Z,4944.292
2017-01-27T19:30:00Z,4944.312
2017-01-27T20:00:00Z,4944.315
2017-01-28T09:30:00Z,4943.472
2017-01-28T10:00:00Z,4943.382
2017-01-28T13:30:00Z,4943.327
2017-01-28T14:00:00Z,4943.401
2017-01-29T03:30:00Z,4944.208
2017-01-29T04:00:00Z,4944.225
2017-01-29T07:30:00Z,4943.994
2017-01-29T08:00:00Z,4943.903
2017-01-29T19:30:00Z,4944.268
2017-01-29T20:00:00Z,4944.288
2017-01-29T20:30:00Z,4944.292
2017-01-29T21:00:00Z,4944.278
2017-01-29T21:30:00Z,4944.254
2017-01-29T22:00:00Z,4944.222
2017-01-29T22:30:00Z,4944.184
2017-01-29T23:00:00Z,4944.148
2017-01-30T00:30:00Z,4944.079
2017-01-30T01:00:00Z,4944.069
2017-01-30T08:30:00Z,4943.96
2017-01-30T09:00:00Z,4943.858
2017-01-30T09:30:00Z,4943.75
2017-01-30T10:00:00Z,4943.643
2017-01-30T10:30:00Z,4943.545
2017-01-30T11:00:00Z,4943.463
2017-01-30T11:30:00Z,4943.395
2017-01-30T12:00:00Z,4943.339
2017-01-30T12:30:00Z,4943.304
2017-01-30T13:00:00Z,4943.293
2017-01-30T13:30:00Z,4943.3
2017-01-30T14:00:00Z,4943.332
2017-01-30T15:30:00Z,4943.562
2017-01-30T16:00:00Z,4943.666
2017-01-30T16:30:00Z,4943.774
2017-01-30T17:00:00Z,4943.879
2017-01-30T18:30:00Z,4944.147
2017-01-30T19:00:00Z,4944.213
2017-01-30T19:30:00Z,4944.254
2017-01-30T20:00:00Z,4944.277
2017-01-30T20:30:00Z,4944.283
2017-01-30T21:00:00Z,4944.277
2017-01-30T21:30:00Z,4944.252
2017-01-30T22:00:00Z,4944.216
2017-02-01T02:30:00Z,4943.808
2017-02-01T03:00:00Z,4943.812
2017-02-01T03:30:00Z,4943.834
2017-02-01T04:00:00Z,4943.865
2017-02-01T14:30:00Z,4943.432
2017-02-01T15:00:00Z,4943.467
2017-02-02T00:30:00Z,4943.932
2017-02-02T01:00:00Z,4943.875
2017-02-02T01:30:00Z,4943.825
2017-02-02T02:00:00Z,4943.785
2017-02-02T03:30:00Z,4943.75
2017-02-02T04:00:00Z,4943.767
2017-02-05T00:30:00Z,4944.078
2017-02-05T01:00:00Z,4943.998
2017-02-05T02:30:00Z,4943.722
2017-02-05T03:00:00Z,4943.638
2017-02-05T19:30:00Z,4944.166
2017-02-05T20:00:00Z,4944.212
2017-02-06T08:30:00Z,4943.425
2017-02-06T09:00:00Z,4943.466
2017-02-06T09:30:00Z,4943.517
2017-02-06T10:00:00Z,4943.574
2017-02-06T10:30:00Z,4943.639
2017-02-06T11:00:00Z,4943.7
2017-02-06T12:30:00Z,4943.863
2017-02-06T13:00:00Z,4943.902
2017-02-06T14:30:00Z,4943.985
2017-02-06T15:00:00Z,4944.006
2017-02-06T15:30:00Z,4944.024
2017-02-06T16:00:00Z,4944.042
2017-02-06T17:30:00Z,4944.101
2017-02-06T18:00:00Z,4944.122
2017-02-06T18:30:00Z,4944.144
2017-02-06T19:00:00Z,4944.173
2017-02-06T19:30:00Z,4944.205
2017-02-06T20:00:00Z,4944.242
2017-02-06T20:30:00Z,4944.277
2017-02-06T21:00:00Z,4944.309
2017-02-06T21:30:00Z,4944.339
2017-02-06T22:00:00Z,4944.359
2017-02-06T22:30:00Z,4944.37
2017-02-06T23:00:00Z,4944.371
2017-02-06T23:30:00Z,4944.365
2017-02-07T00:00:00Z,4944.346
2017-02-07T00:30:00Z,4944.314
2017-02-07T01:00:00Z,4944.266
2017-02-07T01:30:00Z,4944.21
2017-02-07T02:00:00Z,4944.136
2017-02-07T02:30:00Z,4944.051
2017-02-07T03:00:00Z,4943.961
2017-02-07T03:30:00Z,4943.867
2017-02-07T04:00:00Z,4943.777
2017-02-07T04:30:00Z,4943.687
2017-02-07T05:00:00Z,4943.607
2017-02-07T05:30:00Z,4943.53
2017-02-07T06:00:00Z,4943.459
2017-02-07T06:30:00Z,4943.402
2017-02-07T07:00:00Z,4943.356
2017-02-07T07:30:00Z,4943.326
2017-02-07T08:00:00Z,4943.314
2017-02-07T08:30:00Z,4943.313
2017-02-07T09:00:00Z,4943.327
2017-02-07T09:30:00Z,4943.356
2017-02-07T10:00:00Z,4943.4
2017-02-07T17:30:00Z,4944.166
2017-02-07T18:00:00Z,4944.175
2017-02-07T20:30:00Z,4944.258
2017-02-07T21:00:00Z,4944.281
2017-02-07T21:30:00Z,4944.304
2017-02-07T22:00:00Z,4944.322
2017-02-08T07:30:00Z,4943.351
2017-02-08T08:00:00Z,4943.299
2017-02-09T05:30:00Z,4943.841
2017-02-09T06:00:00Z,4943.739
2017-02-09T09:30:00Z,4943.176
2017-02-09T10:00:00Z,4943.157
2017-02-09T19:30:00Z,4944.189
2017-02-09T20:00:00Z,4944.183
2017-02-09T20:30:00Z,4944.176
2017-02-09T21:00:00Z,4944.167
2017-02-09T21:30:00Z,4944.165
2017-02-09T22:00:00Z,4944.166
2017-02-09T22:30:00Z,4944.167
2017-02-09T23:00:00Z,4944.174
2017-02-10T03:30:00Z,4944.253
2017-02-10T04:00:00Z,4944.223
2017-02-10T05:30:00Z,4944.048
2017-02-10T06:00:00Z,4943.959
2017-02-10T06:30:00Z,4943.857
2017-02-10T07:00:00Z,4943.753
2017-02-10T07:30:00Z,4943.645
2017-02-10T08:00:00Z,4943.543
2017-02-10T08:30:00Z,4943.445
2017-02-10T09:00:00Z,4943.356
2017-02-10T09:30:00Z,4943.28
2017-02-10T10:00:00Z,4943.222
2017-02-10T11:30:00Z,4943.189
2017-02-10T12:00:00Z,4943.218
2017-02-10T12:30:00Z,4943.271
2017-02-10T13:00:00Z,4943.342
2017-02-10T13:30:00Z,4943.426
2017-02-10T14:00:00Z,4943.526
2017-02-10T14:30:00Z,4943.634
2017-02-10T15:00:00Z,4943.745
2017-02-10T15:30:00Z,4943.854
2017-02-10T16:00:00Z,4943.951
2017-02-10T16:30:00Z,4944.038
2017-02-10T17:00:00Z,4944.109
2017-02-10T17:30:00Z,4944.159
2017-02-10T18:00:00Z,4944.195
2017-02-10T19:30:00Z,4944.209
2017-02-10T20:00:00Z,4944.193
2017-02-10T21:30:00Z,4944.127
2017-02-10T22:00:00Z,4944.103
2017-02-10T22:30:00Z,4944.088
2017-02-10T23:00:00Z,4944.078
2017-02-11T00:30:00Z,4944.117
2017-02-11T01:00:00Z,4944.141
2017-02-11T01:30:00Z,4944.167
2017-02-11T02:00:00Z,4944.192
2017-02-11T02:30:00Z,4944.214
2017-02-11T03:00:00Z,4944.233
2017-02-11T05:30:00Z,4944.172
2017-02-11T06:00:00Z,4944.107
2017-02-11T06:30:00Z,4944.029
2017-02-11T07:00:00Z,4943.936
2017-02-11T09:30:00Z,4943.397
2017-02-11T10:00:00Z,4943.312
2017-02-11T10:30:00Z,4943.243
2017-02-11T11:00:00Z,4943.195
2017-02-11T11:30:00Z,4943.173
2017-02-11T12:00:00Z,4943.171
2017-02-11T12:30:00Z,4943.197
2017-02-11T13:00:00Z,4943.242
2017-02-11T14:30:00Z,4943.495
2017-02-11T15:00:00Z,4943.609
2017-02-12T02:30:00Z,4944.091
2017-02-12T03:00:00Z,4944.13
2017-02-12T10:30:00Z,4943.399
2017-02-12T11:00:00Z,4943.325
2017-02-12T11:30:00Z,4943.273
2017-02-12T12:00:00Z,4943.242
2017-02-12T12:30:00Z,4943.236
2017-02-12T13:00:00Z,4943.254
2017-02-12T15:30:00Z,4943.649
2017-02-12T16:00:00Z,4943.766
2017-02-12T16:30:00Z,4943.882
2017-02-12T17:00:00Z,4943.989
2017-02-12T17:30:00Z,4944.078
2017-02-12T18:00:00Z,4944.149
2017-02-12T18:30:00Z,4944.199
2017-02-12T19:00:00Z,4944.226
2017-02-12T19:30:00Z,4944.236
2017-02-12T20:00:00Z,4944.224
2017-02-12T20:30:00Z,4944.2
2017-02-12T21:00:00Z,4944.163
2017-02-12T22:30:00Z,4944.009
2017-02-12T23:00:00Z,4943.959
2017-02-13T01:30:00Z,4943.898
2017-02-13T02:00:00Z,4943.921
2017-02-13T03:30:00Z,4944.045
2017-02-13T04:00:00Z,4944.099
2017-02-13T04:30:00Z,4944.15
2017-02-13T05:00:00Z,4944.19
2017-02-13T07:30:00Z,4944.131
2017-02-13T08:00:00Z,4944.065
2017-02-13T08:30:00Z,4943.983
2017-02-13T09:00:00Z,4943.891
2017-02-13T10:30:00Z,4943.585
2017-02-13T11:00:00Z,4943.493
2017-02-13T11:30:00Z,4943.417
2017-02-13T12:00:00Z,4943.363
2017-02-13T12:30:00Z,4943.333
2017-02-13T13:00:00Z,4943.324
2017-02-13T13:30:00Z,4943.337
2017-02-13T14:00:00Z,4943.372
2017-02-13T14:30:00Z,4943.429
2017-02-13T15:00:00Z,4943.507
2017-02-13T15:30:00Z,4943.601
2017-02-13T16:00:00Z,4943.705
2017-02-13T17:30:00Z,4944.03
2017-02-13T18:00:00Z,4944.116
2017-02-13T18:30:00Z,4944.18
2017-02-13T19:00:00Z,4944.225
2017-02-13T19:30:00Z,4944.25
2017-02-13T20:00:00Z,4944.253
2017-02-13T20:30:00Z,4944.24
2017-02-13T21:00:00Z,4944.212
2017-02-13T21:30:00Z,4944.164
2017-02-13T22:00:00Z,4944.104
2017-02-13T22:30:00Z,4944.037
2017-02-13T23:00:00Z,4943.969
2017-02-13T23:30:00Z,4943.91
2017-02-14T00:00:00Z,4943.861
2017-02-14T00:30:00Z,4943.826
2017-02-14T01:00:00Z,4943.807
2017-02-14T01:30:00Z,4943.8
2017-02-14T02:00:00Z,4943.806
2017-02-14T02:30:00Z,4943.825
2017-02-14T03:00:00Z,4943.854
2017-02-14T04:30:00Z,4944.021
2017-02-14T05:00:00Z,4944.083
2017-02-14T06:30:00Z,4944.198
2017-02-14T07:00:00Z,4944.204
2017-02-14T12:30:00Z,4943.479
2017-02-14T13:00:00Z,4943.443
2017-02-14T14:30:00Z,4943.472
2017-02-14T15:00:00Z,4943.521
2017-02-14T15:30:00Z,4943.594
2017-02-14T16:00:00Z,4943.677
2017-02-15T10:30:00Z,4943.916
2017-02-15T11:00:00Z,4943.838
2017-02-15T13:30:00Z,4943.564
2017-02-15T14:00:00Z,4943.556
2017-02-15T14:30:00Z,4943.567
2017-02-15T15:00:00Z,4943.593
2017-02-15T15:30:00Z,4943.641
2017-02-15T16:00:00Z,4943.704
2017-02-15T18:30:00Z,4944.129
2017-02-15T19:00:00Z,4944.198
2017-02-15T19:30:00Z,4944.255
2017-02-15T20:00:00Z,4944.293
2017-02-15T20:30:00Z,4944.308
2017-02-15T21:00:00Z,4944.304
2017-02-15T22:30:00Z,4944.167
2017-02-15T23:00:00Z,4944.092
2017-02-16T02:30:00Z,4943.671
2017-02-16T03:00:00Z,4943.664
2017-02-16T03:30:00Z,4943.676
2017-02-16T04:00:00Z,4943.709
2017-02-16T10:30:00Z,4944.015
2017-02-16T11:00:00Z,4943.963
2017-02-16T11:30:00Z,4943.905
2017-02-16T12:00:00Z,4943.848
2017-02-16T13:30:00Z,4943.705
2017-02-16T14:00:00Z,4943.686
2017-02-16T14:30:00Z,4943.68
2017-02-16T15:00:00Z,4943.695
2017-02-16T15:30:00Z,4943.724
2017-02-16T16:00:00Z,4943.765
2017-02-16T17:30:00Z,4943.959
2017-02-16T18:00:00Z,4944.03
2017-02-16T18:30:00Z,4944.105
2017-02-16T19:00:00Z,4944.168
2017-02-16T19:30:00Z,4944.228
2017-02-16T20:00:00Z,4944.276
2017-02-16T21:30:00Z,4944.299
2017-02-16T22:00:00Z,4944.269
2017-02-16T22:30:00Z,4944.217
2017-02-16T23:00:00Z,4944.152
2017-02-17T00:30:00Z,4943.926
2017-02-17T01:00:00Z,4943.85
2017-02-17T01:30:00Z,4943.781
2017-02-17T02:00:00Z,4943.719
2017-02-17T02:30:00Z,4943.669
2017-02-17T03:00:00Z,4943.638
2017-02-17T03:30:00Z,4943.627
2017-02-17T04:00:00Z,4943.64
2017-02-17T05:30:00Z,4943.744
2017-02-17T06:00:00Z,4943.795
2017-02-17T07:30:00Z,4943.974
2017-02-17T08:00:00Z,4944.022
2017-02-17T08:30:00Z,4944.061
2017-02-17T09:00:00Z,4944.081
2017-02-17T10:30:00Z,4944.059
2017-02-17T11:00:00Z,4944.035
2017-02-17T17:30:00Z,4943.983
2017-02-17T18:00:00Z,4944.038
2017-02-17T18:30:00Z,4944.098
2017-02-17T19:00:00Z,4944.155
2017-02-20T17:30:00Z,4944.043
2017-02-20T18:00:00Z,4944.06
2017-02-20T20:30:00Z,4944.179
2017-02-20T21:00:00Z,4944.199
2017-02-20T23:30:00Z,4944.194
2017-02-21T00:00:00Z,4944.165
2017-02-21T00:30:00Z,4944.132
2017-02-21T01:00:00Z,4944.083
2017-02-21T01:30:00Z,4944.027
2017-02-21T02:00:00Z,4943.956
2017-02-21T03:30:00Z,4943.735
2017-02-21T04:00:00Z,4943.67
2017-02-21T04:30:00Z,4943.608
2017-02-21T05:00:00Z,4943.556
2017-02-21T05:30:00Z,4943.513
2017-02-21T06:00:00Z,4943.481
2017-02-21T06:30:00Z,4943.458
2017-02-21T07:00:00Z,4943.45
2017-02-21T08:30:00Z,4943.477
2017-02-21T09:00:00Z,4943.501
2017-02-21T12:30:00Z,4943.818
2017-02-21T13:00:00Z,4943.858
2017-02-21T15:30:00Z,4944.015
2017-02-21T16:00:00Z,4944.032
2017-02-21T18:30:00Z,4944.098
2017-02-21T19:00:00Z,4944.112
2017-02-21T19:30:00Z,4944.124
2017-02-21T20:00:00Z,4944.133
2017-02-22T19:30:00Z,4944.133
2017-02-22T20:00:00Z,4944.135
2017-02-22T20:30:00Z,4944.137
2017-02-22T21:00:00Z,4944.14
2017-02-23T00:30:00Z,4944.154
2017-02-23T01:00:00Z,4944.144
2017-02-23T12:30:00Z,4943.62
2017-02-23T13:00:00Z,4943.692
2017-02-23T15:30:00Z,4944.034
2017-02-23T16:00:00Z,4944.08
2017-02-23T17:30:00Z,4944.173
2017-02-23T18:00:00Z,4944.185
2017-02-23T22:30:00Z,4944.15
2017-02-23T23:00:00Z,4944.151
2017-02-24T01:30:00Z,4944.157
2017-02-24T02:00:00Z,4944.151
2017-02-25T04:30:00Z,4944.083
2017-02-25T05:00:00Z,4944.037
2017-02-25T05:30:00Z,4943.983
2017-02-25T06:00:00Z,4943.919
2017-02-25T07:30:00Z,4943.679
2017-02-25T08:00:00Z,4943.595
2017-02-25T08:30:00Z,4943.515
2017-02-25T09:00:00Z,4943.442
2017-02-25T09:30:00Z,4943.385
2017-02-25T10:00:00Z,4943.34
2017-02-25T10:30:00Z,4943.316
2017-02-25T11:00:00Z,4943.311
2017-02-25T11:30:00Z,4943.329
2017-02-25T12:00:00Z,4943.358
2017-02-25T12:30:00Z,4943.404
2017-02-25T13:00:00Z,4943.463
2017-02-25T13:30:00Z,4943.541
2017-02-25T14:00:00Z,4943.624
2017-02-25T14:30:00Z,4943.724
2017-02-25T15:00:00Z,4943.819
2017-02-25T15:30:00Z,4943.909
2017-02-25T16:00:00Z,4943.99
2017-02-25T16:30:00Z,4944.06
2017-02-25T17:00:00Z,4944.117
2017-02-25T17:30:00Z,4944.161
2017-02-25T18:00:00Z,4944.195
2017-02-25T18:30:00Z,4944.211
2017-02-25T19:00:00Z,4944.213
2017-02-25T19:30:00Z,4944.201
2017-02-25T20:00:00Z,4944.187
2017-02-25T20:30:00Z,4944.163
2017-02-25T21:00:00Z,4944.139
2017-02-25T21:30:00Z,4944.109
2017-02-25T22:00:00Z,4944.083
2017-02-25T22:30:00Z,4944.056
2017-02-25T23:00:00Z,4944.041
2017-02-25T23:30:00Z,4944.037
2017-02-26T00:00:00Z,4944.038
2017-02-26T00:30:00Z,4944.051
2017-02-26T01:00:00Z,4944.065
2017-02-26T01:30:00Z,4944.086
2017-02-26T02:00:00Z,4944.106
2017-02-26T02:30:00Z,4944.13
2017-02-26T03:00:00Z,4944.15
2017-02-26T03:30:00Z,4944.171
2017-02-26T04:00:00Z,4944.175
2017-02-26T04:30:00Z,4944.167
2017-02-26T05:00:00Z,4944.147
2017-02-26T05:30:00Z,4944.113
2017-02-26T06:00:00Z,4944.061
2017-02-26T06:30:00Z,4943.997
2017-02-26T07:00:00Z,4943.923
2017-02-26T07:30:00Z,4943.841
2017-02-26T08:00:00Z,4943.752
2017-02-26T08:30:00Z,4943.662
2017-02-26T09:00:00Z,4943.573
2017-02-26T09:30:00Z,4943.494
2017-02-26T10:00:00Z,4943.423
2017-02-26T10:30:00Z,4943.375
2017-02-26T11:00:00Z,4943.345
2017-02-26T11:30:00Z,4943.335
2017-02-26T12:00:00Z,4943.344
2017-02-26T13:30:00Z,4943.476
2017-02-26T14:00:00Z,4943.55
2017-02-26T14:30:00Z,4943.639
2017-02-26T15:00:00Z,4943.732
2017-02-26T15:30:00Z,4943.831
2017-02-26T16:00:00Z,4943.922
2017-02-26T21:30:00Z,4944.082
2017-02-26T22:00:00Z,4944.046
2017-02-26T22:30:00Z,4944.01
2017-02-26T23:00:00Z,4943.979
2017-02-27T00:30:00Z,4943.962
2017-02-27T01:00:00Z,4943.974
2017-02-27T01:30:00Z,4943.996
2017-02-27T02:00:00Z,4944.019
2017-02-28T17:30:00Z,4944.086
2017-02-28T18:00:00Z,4944.149
2017-03-01T06:30:00Z,4944.194
2017-03-01T07:00:00Z,4944.202
2017-03-01T07:30:00Z,4944.191
2017-03-01T08:00:00Z,4944.158
2017-03-01T08:30:00Z,4944.106
2017-03-01T09:00:00Z,4944.04
2017-03-01T09:30:00Z,4943.964
2017-03-01T10:00:00Z,4943.883
2017-03-01T10:30:00Z,4943.802
2017-03-01T11:00:00Z,4943.723
2017-03-01T11:30:00Z,4943.655
2017-03-01T12:00:00Z,4943.601
2017-03-01T12:30:00Z,4943.565
2017-03-01T13:00:00Z,4943.548
2017-03-01T13:30:00Z,4943.551
2017-03-01T14:00:00Z,4943.575
2017-03-01T14:30:00Z,4943.622
2017-03-01T15:00:00Z,4943.681
2017-03-01T15:30:00Z,4943.753
2017-03-01T16:00:00Z,4943.83
2017-03-01T16:30:00Z,4943.914
2017-03-01T17:00:00Z,4943.998
2017-03-01T17:30:00Z,4944.078
2017-03-01T18:00:00Z,4944.144
2017-03-01T18:30:00Z,4944.197
2017-03-01T19:00:00Z,4944.228
2017-03-01T20:30:00Z,4944.204
2017-03-01T21:00:00Z,4944.161
2017-03-01T22:30:00Z,4943.957
2017-03-01T23:00:00Z,4943.878
2017-03-01T23:30:00Z,4943.804
2017-03-02T00:00:00Z,4943.739
2017-03-02T00:30:00Z,4943.691
2017-03-02T01:00:00Z,4943.655
2017-03-02T01:30:00Z,4943.635
2017-03-02T02:00:00Z,4943.63
2017-03-02T02:30:00Z,4943.642
2017-03-02T03:00:00Z,4943.669
2017-03-02T03:30:00Z,4943.713
2017-03-02T04:00:00Z,4943.771
2017-03-02T04:30:00Z,4943.843
2017-03-02T05:00:00Z,4943.92
2017-03-02T05:30:00Z,4943.992
2017-03-02T06:00:00Z,4944.06
2017-03-02T06:30:00Z,4944.117
2017-03-02T07:00:00Z,4944.158
2017-03-02T07:30:00Z,4944.183
2017-03-02T08:00:00Z,4944.188
2017-03-02T08:30:00Z,4944.176
2017-03-02T09:00:00Z,4944.138
2017-03-02T09:30:00Z,4944.093
2017-03-02T10:00:00Z,4944.031
2017-03-02T10:30:00Z,4943.963
2017-03-02T11:00:00Z,4943.892
2017-03-02T11:30:00Z,4943.825
2017-03-02T12:00:00Z,4943.764
2017-03-02T12:30:00Z,4943.718
2017-03-02T13:00:00Z,4943.687
2017-03-02T13:30:00Z,4943.676
2017-03-02T14:00:00Z,4943.68
2017-03-02T14:30:00Z,4943.706
2017-03-02T15:00:00Z,4943.749
2017-03-02T15:30:00Z,4943.801
2017-03-02T16:00:00Z,4943.867
2017-03-02T16:30:00Z,4943.938
2017-03-02T17:00:00Z,4944.015
2017-03-02T17:30:00Z,4944.09
2017-03-02T18:00:00Z,4944.16
2017-03-02T18:30:00Z,4944.219
2017-03-02T19:00:00Z,4944.26
2017-03-02T19:30:00Z,4944.281
2017-03-02T20:00:00Z,4944.283
2017-03-03T01:30:00Z,4943.573
2017-03-03T02:00:00Z,4943.539
2017-03-03T02:30:00Z,4943.524
2017-03-03T03:00:00Z,4943.532
2017-03-03T03:30:00Z,4943.559
2017-03-03T04:00:00Z,4943.604
2017-03-03T04:30:00Z,4943.664
2017-03-03T05:00:00Z,4943.733
2017-03-03T05:30:00Z,4943.808
2017-03-03T06:00:00Z,4943.886
2017-03-03T06:30:00Z,4943.965
2017-03-03T07:00:00Z,4944.039
2017-03-03T15:30:00Z,4943.872
2017-03-03T16:00:00Z,4943.921
2017-03-04T08:30:00Z,4944.039
2017-03-04T09:00:00Z,4944.074
2017-03-04T17:30:00Z,4944.125
2017-03-04T18:00:00Z,4944.18
2017-03-04T19:30:00Z,4944.327
2017-03-04T20:00:00Z,4944.353
2017-03-04T20:30:00Z,4944.366
2017-03-04T21:00:00Z,4944.361
2017-03-04T21:30:00Z,4944.335
2017-03-04T22:00:00Z,4944.288
2017-03-04T22:30:00Z,4944.224
2017-03-04T23:00:00Z,4944.142
2017-03-05T01:30:00Z,4943.662
2017-03-05T02:00:00Z,4943.575
2017-03-05T02:30:00Z,4943.505
2017-03-05T03:00:00Z,4943.452
2017-03-05T03:30:00Z,4943.416
2017-03-05T04:00:00Z,4943.401
2017-03-05T06:30:00Z,4943.576
2017-03-05T07:00:00Z,4943.647
2017-03-05T07:30:00Z,4943.723
2017-03-05T08:00:00Z,4943.799
2017-03-05T08:30:00Z,4943.87
2017-03-05T09:00:00Z,4943.929
2017-03-05T09:30:00Z,4943.978
2017-03-05T10:00:00Z,4944.015
2017-03-05T10:30:00Z,4944.041
2017-03-05T11:00:00Z,4944.054
2017-03-05T11:30:00Z,4944.057
2017-03-05T12:00:00Z,4944.049
2017-03-05T12:30:00Z,4944.038
2017-03-05T13:00:00Z,4944.022
2017-03-05T13:30:00Z,4944.006
2017-03-05T14:00:00Z,4943.995
2017-03-05T14:30:00Z,4943.988
2017-03-05T15:00:00Z,4943.992
2017-03-05T15:30:00Z,4944.003
2017-03-05T16:00:00Z,4944.024
2017-03-05T16:30:00Z,4944.055
2017-03-05T17:00:00Z,4944.095
2017-03-05T19:30:00Z,4944.33
2017-03-05T20:00:00Z,4944.364
2017-03-05T20:30:00Z,4944.389
2017-03-05T21:00:00Z,4944.395
2017-03-05T21:30:00Z,4944.392
2017-03-05T22:00:00Z,4944.366
2017-03-05T22:30:00Z,4944.322
2017-03-05T23:00:00Z,4944.261
2017-03-05T23:30:00Z,4944.186
2017-03-06T00:00:00Z,4944.101
2017-03-06T04:30:00Z,4943.404
2017-03-06T05:00:00Z,4943.392
2017-03-06T05:30:00Z,4943.396
2017-03-06T06:00:00Z,4943.417
2017-03-06T06:30:00Z,4943.449
2017-03-06T07:00:00Z,4943.498
2017-03-06T10:30:00Z,4943.939
2017-03-06T11:00:00Z,4943.986
2017-03-06T17:30:00Z,4944.163
2017-03-06T18:00:00Z,4944.192
2017-03-06T18:30:00Z,4944.228
2017-03-06T19:00:00Z,4944.262
2017-03-06T19:30:00Z,4944.299
2017-03-06T20:00:00Z,4944.33
2017-03-06T20:30:00Z,4944.359
2017-03-06T21:00:00Z,4944.382
2017-03-06T22:30:00Z,4944.367
2017-03-06T23:00:00Z,4944.333
2017-03-07T00:30:00Z,4944.152
2017-03-07T01:00:00Z,4944.07
2017-03-07T01:30:00Z,4943.983
2017-03-07T02:00:00Z,4943.889
2017-03-07T02:30:00Z,4943.793
2017-03-07T03:00:00Z,4943.706
2017-03-07T03:30:00Z,4943.624
2017-03-07T04:00:00Z,4943.552
2017-03-07T04:30:00Z,4943.496
2017-03-07T05:00:00Z,4943.448
2017-03-07T05:30:00Z,4943.413
2017-03-07T06:00:00Z,4943.396
2017-03-07T06:30:00Z,4943.394
2017-03-07T07:00:00Z,4943.404
2017-03-07T07:30:00Z,4943.43
2017-03-07T08:00:00Z,4943.471
2017-03-07T08:30:00Z,4943.519
2017-03-07T09:00:00Z,4943.577
2017-03-07T10:30:00Z,4943.789
2017-03-07T11:00:00Z,4943.855
2017-03-07T11:30:00Z,4943.914
2017-03-07T12:00:00Z,4943.962
2017-03-07T18:30:00Z,4944.215
2017-03-07T19:00:00Z,4944.236
2017-03-08T07:30:00Z,4943.41
2017-03-08T08:00:00Z,4943.416
2017-03-08T15:30:00Z,4944.163
2017-03-08T16:00:00Z,4944.177
2017-03-08T20:30:00Z,4944.249
2017-03-08T21:00:00Z,4944.263
2017-03-08T23:30:00Z,4944.322
2017-03-09T00:00:00Z,4944.319
2017-03-09T01:30:00Z,4944.252
2017-03-09T02:00:00Z,4944.206
2017-03-09T05:30:00Z,4943.713
2017-03-09T06:00:00Z,4943.641
2017-03-09T06:30:00Z,4943.576
2017-03-09T07:00:00Z,4943.52
2017-03-09T07:30:00Z,4943.476
2017-03-09T08:00:00Z,4943.442
2017-03-09T08:30:00Z,4943.425
2017-03-09T09:00:00Z,4943.417
2017-03-09T09:30:00Z,4943.426
2017-03-09T10:00:00Z,4943.453
2017-03-09T10:30:00Z,4943.497
2017-03-09T11:00:00Z,4943.554
2017-03-09T11:30:00Z,4943.624
2017-03-09T12:00:00Z,4943.697
2017-03-09T12:30:00Z,4943.776
2017-03-09T13:00:00Z,4943.855
2017-03-09T14:30:00Z,4944.061
2017-03-09T15:00:00Z,4944.114
2017-03-09T15:30:00Z,4944.157
2017-03-09T16:00:00Z,4944.187
2017-03-09T18:30:00Z,4944.222
2017-03-09T19:00:00Z,4944.212
2017-03-09T20:30:00Z,4944.19
2017-03-09T21:00:00Z,4944.188
2017-03-09T21:30:00Z,4944.192
2017-03-09T22:00:00Z,4944.196
2017-03-09T23:30:00Z,4944.23
2017-03-10T00:00:00Z,4944.247
2017-03-10T00:30:00Z,4944.259
2017-03-10T01:00:00Z,4944.266
2017-03-10T01:30:00Z,4944.265
2017-03-10T02:00:00Z,4944.253
2017-03-10T02:30:00Z,4944.23
2017-03-10T03:00:00Z,4944.197
2017-03-10T03:30:00Z,4944.158
2017-03-10T04:00:00Z,4944.109
2017-03-10T04:30:00Z,4944.047
2017-03-10T05:00:00Z,4943.978
2017-03-10T05:30:00Z,4943.905
2017-03-10T06:00:00Z,4943.829
2017-03-10T06:30:00Z,4943.75
2017-03-10T07:00:00Z,4943.674
2017-03-10T07:30:00Z,4943.607
2017-03-10T08:00:00Z,4943.543
2017-03-10T08:30:00Z,4943.487
2017-03-10T09:00:00Z,4943.447
2017-03-10T09:30:00Z,4943.422
2017-03-10T10:00:00Z,4943.42
2017-03-10T10:30:00Z,4943.438
2017-03-10T11:00:00Z,4943.469
2017-03-10T11:30:00Z,4943.517
2017-03-10T12:00:00Z,4943.573
2017-03-10T12:30:00Z,4943.645
2017-03-10T13:00:00Z,4943.725
2017-03-10T13:30:00Z,4943.809
2017-03-10T14:00:00Z,4943.891
2017-03-10T14:30:00Z,4943.972
2017-03-10T15:00:00Z,4944.045
2017-03-10T15:30:00Z,4944.105
2017-03-10T16:00:00Z,4944.154
2017-03-10T16:30:00Z,4944.192
2017-03-10T17:00:00Z,4944.213
2017-03-10T17:30:00Z,4944.224
2017-03-10T18:00:00Z,4944.226
2017-03-10T18:30:00Z,4944.217
2017-03-10T19:00:00Z,4944.198
2017-03-10T19:30:00Z,4944.177
2017-03-10T20:00:00Z,4944.153
2017-03-10T20:30:00Z,4944.129
2017-03-10T21:00:00Z,4944.109
2017-03-10T21:30:00Z,4944.094
2017-03-10T22:00:00Z,4944.086
2017-03-10T22:30:00Z,4944.086
2017-03-10T23:00:00Z,4944.09
2017-03-10T23:30:00Z,4944.103
2017-03-11T00:00:00Z,4944.125
2017-03-11T00:30:00Z,4944.151
2017-03-11T01:00:00Z,4944.179
2017-03-11T01:30:00Z,4944.206
2017-03-11T02:00:00Z,4944.224
2017-03-11T02:30:00Z,4944.235
2017-03-11T03:00:00Z,4944.239
2017-03-11T03:30:00Z,4944.229
2017-03-11T04:00:00Z,4944.213
2017-03-11T04:30:00Z,4944.185
2017-03-11T05:00:00Z,4944.142
2017-03-11T05:30:00Z,4944.084
2017-03-11T06:00:00Z,4944.018
2017-03-11T06:30:00Z,4943.944
2017-03-11T07:00:00Z,4943.862
2017-03-11T07:30:00Z,4943.782
2017-03-11T08:00:00Z,4943.699
2017-03-11T08:30:00Z,4943.62
2017-03-11T09:00:00Z,4943.55
2017-03-11T09:30:00Z,4943.495
2017-03-11T10:00:00Z,4943.46
2017-03-11T10:30:00Z,4943.444
2017-03-11T11:00:00Z,4943.444
2017-03-11T11:30:00Z,4943.466
2017-03-11T12:00:00Z,4943.504
2017-03-11T12:30:00Z,4943.559
2017-03-11T13:00:00Z,4943.628
2017-03-11T13:30:00Z,4943.711
2017-03-11T14:00:00Z,4943.798
2017-03-11T14:30:00Z,4943.889
2017-03-11T15:00:00Z,4943.978
2017-03-11T15:30:00Z,4944.058
2017-03-11T16:00:00Z,4944.124
2017-03-11T16:30:00Z,4944.175
2017-03-11T17:00:00Z,4944.211
2017-03-11T17:30:00Z,4944.233
2017-03-11T18:00:00Z,4944.236
2017-03-11T18:30:00Z,4944.226
2017-03-11T19:00:00Z,4944.204
2017-03-11T19:30:00Z,4944.174
2017-03-11T20:00:00Z,4944.135
2017-03-11T20:30:00Z,4944.093
2017-03-11T21:00:00Z,4944.049
2017-03-11T21:30:00Z,4944.014
2017-03-11T22:00:00Z,4943.987
2017-03-11T22:30:00Z,4943.965
2017-03-11T23:00:00Z,4943.958
2017-03-11T23:30:00Z,4943.962
2017-03-12T00:00:00Z,4943.979
2017-03-12T00:30:00Z,4944.002
2017-03-12T01:00:00Z,4944.038
2017-03-12T01:30:00Z,4944.08
2017-03-12T02:00:00Z,4944.123
2017-03-12T02:30:00Z,4944.164
2017-03-12T03:00:00Z,4944.199
2017-03-12T03:30:00Z,4944.225
2017-03-12T04:00:00Z,4944.242
2017-03-12T04:30:00Z,4944.245
2017-03-12T05:00:00Z,4944.238
2017-03-12T05:30:00Z,4944.214
2017-03-12T06:00:00Z,4944.172
2017-03-12T07:30:00Z,4943.976
2017-03-12T08:00:00Z,4943.889
2017-03-12T09:30:00Z,4943.629
2017-03-12T10:00:00Z,4943.564
2017-03-12T10:30:00Z,4943.52
2017-03-12T11:00:00Z,4943.494
2017-03-12T11:30:00Z,4943.487
2017-03-12T12:00:00Z,4943.502
2017-03-12T12:30:00Z,4943.534
2017-03-12T13:00:00Z,4943.584
2017-03-13T03:30:00Z,4944.147
2017-03-13T04:00:00Z,4944.198
2017-03-13T07:30:00Z,4944.142
2017-03-13T08:00:00Z,4944.069
2017-03-13T08:30:00Z,4943.988
2017-03-13T09:00:00Z,4943.898
2017-03-13T09:30:00Z,4943.809
2017-03-13T10:00:00Z,4943.731
2017-03-13T10:30:00Z,4943.665
2017-03-13T11:00:00Z,4943.609
2017-03-13T12:30:00Z,4943.567
2017-03-13T13:00:00Z,4943.59
2017-03-13T13:30:00Z,4943.629
2017-03-13T14:00:00Z,4943.693
2017-03-13T14:30:00Z,4943.767
2017-03-13T15:00:00Z,4943.852
2017-03-13T15:30:00Z,4943.944
2017-03-13T16:00:00Z,4944.036
2017-03-13T17:30:00Z,4944.233
2017-03-13T18:00:00Z,4944.265
2017-03-13T18:30:00Z,4944.273
2017-03-13T19:00:00Z,4944.263
2017-03-13T19:30:00Z,4944.233
2017-03-13T20:00:00Z,4944.191
2017-03-13T20:30:00Z,4944.132
2017-03-13T21:00:00Z,4944.066
2017-03-13T21:30:00Z,4944.0
2017-03-13T22:00:00Z,4943.93
2017-03-13T23:15:00Z,4943.78
2017-03-13T23:30:00Z,4943.761
2017-03-13T23:45:00Z,4943.747
2017-03-14T00:00:00Z,4943.74
2017-03-14T00:15:00Z,4943.736
2017-03-14T00:30:00Z,4943.734
2017-03-14T00:45:00Z,4943.739
2017-03-14T01:00:00Z,4943.75
2017-03-14T01:15:00Z,4943.765
2017-03-14T01:30:00Z,4943.781
2017-03-14T01:45:00Z,4943.801
2017-03-14T02:00:00Z,4943.824
2017-03-14T02:15:00Z,4943.849
2017-03-14T02:30:00Z,4943.875
2017-03-14T02:45:00Z,4943.905
2017-03-14T03:00:00Z,4943.937
2017-03-14T03:15:00Z,4943.971
2017-03-14T03:30:00Z,4944.006
2017-03-14T03:45:00Z,4944.039
2017-03-14T04:00:00Z,4944.075
2017-03-14T04:15:00Z,4944.107
2017-03-14T04:30:00Z,4944.139
2017-03-14T04:45:00Z,4944.171
2017-03-14T05:00:00Z,4944.199
2017-03-14T05:15:00Z,4944.223
2017-03-14T05:30:00Z,4944.242
2017-03-14T05:45:00Z,4944.255
2017-03-14T06:00:00Z,4944.264
2017-03-14T06:15:00Z,4944.271
2017-03-14T06:30:00Z,4944.271
2017-03-14T06:45:00Z,4944.267
2017-03-14T07:00:00Z,4944.26
2017-03-14T07:15:00Z,4944.245
2017-03-14T07:30:00Z,4944.228
2017-03-14T07:45:00Z,4944.205
2017-03-14T08:00:00Z,4944.179
2017-03-14T08:15:00Z,4944.15
2017-03-14T08:30:00Z,4944.115
2017-03-14T08:45:00Z,4944.076
2017-03-14T09:00:00Z,4944.036
2017-03-14T09:15:00Z,4943.994
2017-03-14T09:30:00Z,4943.952
2017-03-14T09:45:00Z,4943.91
2017-03-14T10:00:00Z,4943.869
2017-03-14T10:15:00Z,4943.83
2017-03-14T10:30:00Z,4943.79
2017-03-14T10:45:00Z,4943.756
2017-03-14T11:00:00Z,4943.725
2017-03-14T11:15:00Z,4943.699
2017-03-14T11:30:00Z,4943.674
2017-03-14T11:45:00Z,4943.652
2017-03-14T12:00:00Z,4943.636
2017-03-14T12:30:00Z,4943.617
2017-03-14T13:00:00Z,4943.621
2017-03-14T13:30:00Z,4943.646
2017-03-14T14:00:00Z,4943.688
2017-03-14T14:30:00Z,4943.744
2017-03-14T15:00:00Z,4943.812
2017-03-14T15:30:00Z,4943.891
2017-03-14T16:00:00Z,4943.973
2017-03-14T16:30:00Z,4944.056
2017-03-14T17:00:00Z,4944.132
2017-03-14T17:30:00Z,4944.199
2017-03-14T18:00:00Z,4944.247
2017-03-14T18:30:00Z,4944.278
2017-03-14T19:00:00Z,4944.284
2017-03-14T19:30:00Z,4944.266
2017-03-14T20:00:00Z,4944.232
2017-03-14T20:30:00Z,4944.177
2017-03-14T21:00:00Z,4944.11
2017-03-14T21:30:00Z,4944.035
2017-03-14T22:00:00Z,4943.956
2017-03-14T22:30:00Z,4943.874
2017-03-14T23:00:00Z,4943.797
2017-03-14T23:30:00Z,4943.735
2017-03-15T00:00:00Z,4943.687
2017-03-15T00:30:00Z,4943.658
2017-03-15T01:00:00Z,4943.65
2017-03-15T01:30:00Z,4943.663
2017-03-15T02:00:00Z,4943.69
2017-03-15T02:30:00Z,4943.734
2017-03-15T03:00:00Z,4943.79
2017-03-15T03:30:00Z,4943.858
2017-03-15T04:00:00Z,4943.936
2017-03-15T04:30:00Z,4944.017
2017-03-15T05:00:00Z,4944.097
2017-03-15T05:30:00Z,4944.172
2017-03-15T06:00:00Z,4944.23
2017-03-15T06:30:00Z,4944.273
2017-03-15T07:00:00Z,4944.292
2017-03-15T07:30:00Z,4944.292
2017-03-15T08:00:00Z,4944.271
2017-03-15T08:30:00Z,4944.231
2017-03-15T09:00:00Z,4944.175
2017-03-15T09:30:00Z,4944.108
2017-03-15T10:00:00Z,4944.035
2017-03-15T10:30:00Z,4943.961
2017-03-15T11:00:00Z,4943.894
2017-03-15T11:30:00Z,4943.835
2017-03-15T12:00:00Z,4943.782
2017-03-15T12:30:00Z,4943.749
2017-03-15T13:00:00Z,4943.732
2017-03-15T13:30:00Z,4943.733
2017-03-15T14:00:00Z,4943.754
2017-03-15T14:30:00Z,4943.791
2017-03-15T15:00:00Z,4943.841
2017-03-15T15:30:00Z,4943.898
2017-03-15T16:00:00Z,4943.966
2017-03-15T16:30:00Z,4944.038
2017-03-15T17:00:00Z,4944.112
2017-03-15T17:30:00Z,4944.183
2017-03-15T18:00:00Z,4944.24
2017-03-15T18:30:00Z,4944.28
2017-03-15T19:00:00Z,4944.298
2017-03-15T19:30:00Z,4944.296
2017-03-15T20:00:00Z,4944.274
2017-03-15T20:30:00Z,4944.234
2017-03-15T21:00:00Z,4944.174
2017-03-15T21:30:00Z,4944.1
2017-03-15T22:00:00Z,4944.013
2017-03-15T22:30:00Z,4943.922
2017-03-15T23:00:00Z,4943.828
2017-03-15T23:30:00Z,4943.744
2017-03-16T00:00:00Z,4943.674
2017-03-16T00:30:00Z,4943.622
2017-03-16T01:00:00Z,4943.593
2017-03-16T01:30:00Z,4943.579
2017-03-16T02:00:00Z,4943.584
2017-03-16T02:30:00Z,4943.609
2017-03-16T03:00:00Z,4943.646
2017-03-16T03:30:00Z,4943.704
2017-03-16T04:00:00Z,4943.771
2017-03-16T04:30:00Z,4943.849
2017-03-16T05:00:00Z,4943.931
2017-03-16T05:30:00Z,4944.011
2017-03-16T06:00:00Z,4944.087
2017-03-16T06:30:00Z,4944.153
2017-03-16T07:00:00Z,4944.206
2017-03-16T07:30:00Z,4944.239
2017-03-16T08:00:00Z,4944.246
2017-03-16T08:30:00Z,4944.236
2017-03-16T09:00:00Z,4944.206
2017-03-16T09:30:00Z,4944.168
2017-03-16T10:00:00Z,4944.114
2017-03-16T12:30:00Z,4943.845
2017-03-16T13:00:00Z,4943.818
2017-03-16T13:30:00Z,4943.802
2017-03-16T14:00:00Z,4943.806
2017-03-16T15:30:00Z,4943.908
2017-03-16T16:00:00Z,4943.958
2017-03-17T04:30:00Z,4943.696
2017-03-17T05:00:00Z,4943.772
2017-03-17T12:30:00Z,4943.912
2017-03-17T13:00:00Z,4943.877
2017-03-17T16:30:00Z,4943.99
2017-03-17T17:00:00Z,4944.041
2017-03-17T18:30:00Z,4944.195
2017-03-17T19:00:00Z,4944.233
2017-03-17T20:30:00Z,4944.248
2017-03-17T21:00:00Z,4944.213
2017-03-17T21:30:00Z,4944.163
2017-03-17T22:00:00Z,4944.094
2017-03-17T22:30:00Z,4944.009
2017-03-17T23:00:00Z,4943.918
2017-03-17T23:30:00Z,4943.823
2017-03-18T00:00:00Z,4943.733
2017-03-18T01:30:00Z,4943.52
2017-03-18T02:00:00Z,4943.484
2017-03-18T04:30:00Z,4943.563
2017-03-18T05:00:00Z,4943.626
2017-03-18T05:30:00Z,4943.701
2017-03-18T06:00:00Z,4943.777
2017-03-18T06:30:00Z,4943.856
2017-03-18T07:00:00Z,4943.94
2017-03-18T10:30:00Z,4944.128
2017-03-18T11:00:00Z,4944.102
2017-03-18T15:30:00Z,4943.962
2017-03-18T16:00:00Z,4943.99
2017-03-18T20:30:00Z,4944.279
2017-03-18T21:00:00Z,4944.261
2017-03-18T21:30:00Z,4944.225
2017-03-18T22:00:00Z,4944.172
2017-03-18T22:30:00Z,4944.1
2017-03-18T23:00:00Z,4944.02
2017-03-19T00:30:00Z,4943.755
2017-03-19T01:00:00Z,4943.669
2017-03-19T02:30:00Z,4943.5
2017-03-19T03:00:00Z,4943.475
2017-03-19T03:30:00Z,4943.468
2017-03-19T04:00:00Z,4943.48
2017-03-19T04:30:00Z,4943.512
2017-03-19T05:00:00Z,4943.549
2017-03-19T06:30:00Z,4943.735
2017-03-19T07:00:00Z,4943.804
2017-03-19T07:30:00Z,4943.875
2017-03-19T08:00:00Z,4943.943
2017-03-19T08:30:00Z,4943.999
2017-03-19T09:00:00Z,4944.041
2017-03-19T09:30:00Z,4944.072
2017-03-19T10:00:00Z,4944.093
2017-03-19T10:30:00Z,4944.099
2017-03-19T11:00:00Z,4944.096
2017-03-19T11:30:00Z,4944.087
2017-03-19T12:00:00Z,4944.068
2017-03-19T12:30:00Z,4944.046
2017-03-19T13:00:00Z,4944.023
2017-03-19T13:30:00Z,4944.004
2017-03-19T14:00:00Z,4943.989
2017-03-19T14:30:00Z,4943.986
2017-03-19T15:00:00Z,4943.992
2017-03-19T15:30:00Z,4944.004
2017-03-19T16:00:00Z,4944.021
2017-03-19T16:30:00Z,4944.043
2017-03-19T17:00:00Z,4944.071
2017-03-19T17:30:00Z,4944.108
2017-03-19T18:00:00Z,4944.143
2017-03-19T19:30:00Z,4944.233
2017-03-19T20:00:00Z,4944.254
2017-03-19T21:30:00Z,4944.238
2017-03-19T22:00:00Z,4944.199
2017-03-19T22:30:00Z,4944.147
2017-03-19T23:00:00Z,4944.083
2017-03-20T00:30:00Z,4943.846
2017-03-20T01:00:00Z,4943.764
2017-03-20T01:30:00Z,4943.685
2017-03-20T02:00:00Z,4943.619
2017-03-20T02:30:00Z,4943.561
2017-03-20T03:00:00Z,4943.516
2017-03-20T03:30:00Z,4943.486
2017-03-20T04:00:00Z,4943.477
2017-03-20T04:30:00Z,4943.485
2017-03-20T05:00:00Z,4943.507
2017-03-20T09:30:00Z,4943.983
2017-03-20T10:00:00Z,4944.021
2017-03-20T10:30:00Z,4944.051
2017-03-20T11:00:00Z,4944.066
2017-03-20T11:30:00Z,4944.078
2017-03-20T12:00:00Z,4944.081
2017-03-20T15:30:00Z,4944.063
2017-03-20T16:00:00Z,4944.074
2017-03-20T16:30:00Z,4944.09
2017-03-20T17:00:00Z,4944.107
2017-03-20T19:30:00Z,4944.223
2017-03-20T20:00:00Z,4944.239
2017-03-21T01:30:00Z,4943.807
2017-03-21T02:00:00Z,4943.734
2017-03-21T02:30:00Z,4943.665
2017-03-21T03:00:00Z,4943.607
2017-03-21T04:30:00Z,4943.511
2017-03-21T05:00:00Z,4943.509
2017-03-21T05:30:00Z,4943.52
2017-03-21T06:00:00Z,4943.539
2017-03-21T06:30:00Z,4943.571
2017-03-21T07:00:00Z,4943.613
2017-03-21T07:30:00Z,4943.663
2017-03-21T08:00:00Z,4943.713
2017-03-21T08:30:00Z,4943.768
2017-03-21T09:00:00Z,4943.822
2017-03-21T10:30:00Z,4943.968
2017-03-21T11:00:00Z,4944.005
2017-03-21T13:30:00Z,4944.093
2017-03-21T14:00:00Z,4944.1
2017-03-21T16:30:00Z,4944.132
2017-03-21T17:00:00Z,4944.141
2017-03-21T17:30:00Z,4944.152
2017-03-21T18:00:00Z,4944.17
2017-03-21T20:30:00Z,4944.243
2017-03-21T21:00:00Z,4944.249
2017-03-21T21:30:00Z,4944.249
2017-03-21T22:00:00Z,4944.24
2017-03-21T22:30:00Z,4944.221
2017-03-21T23:00:00Z,4944.19
2017-03-22T01:30:00Z,4943.927
2017-03-22T02:00:00Z,4943.861
2017-03-22T02:30:00Z,4943.794
2017-03-22T03:00:00Z,4943.729
2017-03-22T03:30:00Z,4943.673
2017-03-22T04:00:00Z,4943.624
2017-03-22T04:30:00Z,4943.584
2017-03-22T05:00:00Z,4943.561
2017-03-22T05:30:00Z,4943.546
2017-03-22T06:00:00Z,4943.543
2017-03-22T06:30:00Z,4943.549
2017-03-22T07:00:00Z,4943.568
2017-03-22T07:30:00Z,4943.596
2017-03-22T08:00:00Z,4943.628
2017-03-22T08:30:00Z,4943.67
2017-03-22T09:00:00Z,4943.712
2017-03-22T09:30:00Z,4943.763
2017-03-22T10:00:00Z,4943.817
2017-03-22T10:30:00Z,4943.874
2017-03-22T11:00:00Z,4943.925
2017-03-22T11:30:00Z,4943.97
2017-03-22T12:00:00Z,4944.011
2017-03-22T12:30:00Z,4944.046
2017-03-22T13:00:00Z,4944.075
2017-03-22T13:30:00Z,4944.096
2017-03-22T14:00:00Z,4944.118
2017-03-22T14:30:00Z,4944.137
2017-03-22T15:00:00Z,4944.148
2017-03-22T15:30:00Z,4944.159
2017-03-22T16:00:00Z,4944.166
2017-03-22T16:30:00Z,4944.171
2017-03-22T17:00:00Z,4944.171
2017-03-22T17:30:00Z,4944.176
2017-03-22T18:00:00Z,4944.182
2017-03-22T18:30:00Z,4944.184
2017-03-22T19:00:00Z,4944.185
2017-03-22T19:30:00Z,4944.19
2017-03-22T20:00:00Z,4944.195
2017-03-22T20:30:00Z,4944.199
2017-03-22T21:00:00Z,4944.203
2017-03-22T21:30:00Z,4944.199
2017-03-22T22:00:00Z,4944.197
2017-03-22T22:30:00Z,4944.184
2017-03-22T23:00:00Z,4944.167
2017-03-22T23:30:00Z,4944.153
2017-03-23T00:00:00Z,4944.128
2017-03-23T00:30:00Z,4944.096
2017-03-23T01:00:00Z,4944.052
2017-03-23T01:30:00Z,4944.002
2017-03-23T02:00:00Z,4943.95
2017-03-23T02:30:00Z,4943.893
2017-03-23T03:00:00Z,4943.831
2017-03-23T03:30:00Z,4943.775
2017-03-23T04:00:00Z,4943.717
2017-03-23T04:30:00Z,4943.667
2017-03-23T05:00:00Z,4943.621
2017-03-23T05:30:00Z,4943.584
2017-03-23T06:00:00Z,4943.558
2017-03-23T06:30:00Z,4943.54
2017-03-23T07:00:00Z,4943.534
2017-03-23T07:30:00Z,4943.538
2017-03-23T08:00:00Z,4943.548
2017-03-23T08:30:00Z,4943.572
2017-03-23T09:00:00Z,4943.601
2017-03-23T09:30:00Z,4943.636
2017-03-23T10:00:00Z,4943.682
2017-03-23T10:30:00Z,4943.733
2017-03-23T11:00:00Z,4943.788
2017-03-23T11:30:00Z,4943.845
2017-03-23T12:00:00Z,4943.897
2017-03-23T12:30:00Z,4943.949
2017-03-23T13:00:00Z,4943.998
2017-03-23T13:30:00Z,4944.042
2017-03-23T14:00:00Z,4944.08
2017-03-23T14:30:00Z,4944.11
2017-03-23T15:00:00Z,4944.141
2017-03-23T15:30:00Z,4944.162
2017-03-23T16:00:00Z,4944.175
2017-03-23T16:30:00Z,4944.182
2017-03-23T17:00:00Z,4944.184
2017-03-23T17:30:00Z,4944.184
2017-03-23T18:00:00Z,4944.179
2017-03-23T19:30:00Z,4944.158
2017-03-23T20:00:00Z,4944.159
2017-03-23T20:30:00Z,4944.155
2017-03-23T21:00:00Z,4944.153
2017-03-23T21:30:00Z,4944.15
2017-03-23T22:00:00Z,4944.15
2017-03-23T22:30:00Z,4944.148
2017-03-23T23:00:00Z,4944.142
2017-03-23T23:30:00Z,4944.136
2017-03-24T00:00:00Z,4944.129
2017-03-24T00:30:00Z,4944.116
2017-03-24T01:00:00Z,4944.099
2017-03-24T03:30:00Z,4943.904
2017-03-24T04:00:00Z,4943.851
2017-03-24T04:30:00Z,4943.796
2017-03-24T05:00:00Z,4943.743
2017-03-24T05:30:00Z,4943.692
2017-03-24T06:00:00Z,4943.644
2017-03-24T06:30:00Z,4943.601
2017-03-24T07:00:00Z,4943.57
2017-03-24T07:30:00Z,4943.546
2017-03-24T08:00:00Z,4943.532
2017-03-24T08:30:00Z,4943.527
2017-03-24T09:00:00Z,4943.533
2017-03-24T09:30:00Z,4943.553
2017-03-24T10:00:00Z,4943.584
2017-03-24T10:30:00Z,4943.626
2017-03-24T11:00:00Z,4943.675
2017-03-24T11:30:00Z,4943.73
2017-03-24T12:00:00Z,4943.79
2017-03-24T12:30:00Z,4943.851
2017-03-24T13:00:00Z,4943.91
2017-03-24T14:30:00Z,4944.069
2017-03-24T15:00:00Z,4944.106
2017-03-24T15:30:00Z,4944.14
2017-03-24T16:00:00Z,4944.164
2017-03-24T16:30:00Z,4944.176
2017-03-24T17:00:00Z,4944.183
2017-03-24T17:30:00Z,4944.181
2017-03-24T18:00:00Z,4944.177
2017-03-24T18:30:00Z,4944.167
2017-03-24T19:00:00Z,4944.153
2017-03-24T19:30:00Z,4944.138
2017-03-24T20:00:00Z,4944.121
2017-03-24T21:30:00Z,4944.092
2017-03-24T22:00:00Z,4944.089
2017-03-24T22:30:00Z,4944.088
2017-03-24T23:00:00Z,4944.087
2017-03-24T23:30:00Z,4944.087
2017-03-25T00:00:00Z,4944.093
2017-03-25T00:30:00Z,4944.102
2017-03-25T01:00:00Z,4944.106
2017-03-25T01:30:00Z,4944.106
2017-03-25T02:00:00Z,4944.099
2017-03-25T03:30:00Z,4944.031
2017-03-25T04:00:00Z,4943.993
2017-03-25T05:30:00Z,4943.834
2017-03-25T06:00:00Z,4943.776
2017-03-25T09:30:00Z,4943.523
2017-03-25T10:00:00Z,4943.531
2017-03-25T11:30:00Z,4943.636
2017-03-25T12:00:00Z,4943.694
2017-03-26T08:30:00Z,4943.615
2017-03-26T09:00:00Z,4943.569
2017-03-26T15:30:00Z,4944.062
2017-03-26T16:00:00Z,4944.107
2017-03-26T18:30:00Z,4944.136
2017-03-26T19:00:00Z,4944.106
2017-03-26T20:30:00Z,4943.987
2017-03-26T21:00:00Z,4943.947
2017-03-26T22:30:00Z,4943.862
2017-03-26T23:00:00Z,4943.854
2017-03-27T01:30:00Z,4943.978
2017-03-27T02:00:00Z,4944.019
2017-03-27T03:30:00Z,4944.124
2017-03-27T04:00:00Z,4944.139
2017-03-27T05:30:00Z,4944.114
2017-03-27T06:00:00Z,4944.08
2017-03-27T07:30:00Z,4943.903
2017-03-27T08:00:00Z,4943.833
2017-03-27T09:30:00Z,4943.642
2017-03-27T10:00:00Z,4943.6
2017-03-27T10:30:00Z,4943.577
2017-03-27T11:00:00Z,4943.57
2017-03-27T11:30:00Z,4943.577
2017-03-27T12:00:00Z,4943.6
2017-03-27T12:30:00Z,4943.636
2017-03-27T13:00:00Z,4943.685
2017-03-27T13:30:00Z,4943.744
2017-03-27T14:00:00Z,4943.813
2017-03-27T14:30:00Z,4943.889
2017-03-27T15:00:00Z,4943.963
2017-03-27T15:30:00Z,4944.029
2017-03-27T16:00:00Z,4944.085
2017-03-27T16:30:00Z,4944.129
2017-03-27T17:00:00Z,4944.155
2017-03-27T17:30:00Z,4944.168
2017-03-27T18:00:00Z,4944.164
2017-03-27T18:30:00Z,4944.15
2017-03-27T19:00:00Z,4944.119
2017-03-27T19:30:00Z,4944.08
2017-03-27T20:00:00Z,4944.027
2017-03-27T20:30:00Z,4943.97
2017-03-27T21:00:00Z,4943.914
2017-03-27T21:30:00Z,4943.86
2017-03-27T22:00:00Z,4943.809
2017-03-27T22:30:00Z,4943.77
2017-03-27T23:00:00Z,4943.741
2017-03-27T23:30:00Z,4943.731
2017-03-28T00:00:00Z,4943.735
2017-03-28T00:30:00Z,4943.755
2017-03-28T01:00:00Z,4943.789
2017-03-28T01:30:00Z,4943.836
2017-03-28T02:00:00Z,4943.891
2017-03-28T04:30:00Z,4944.158
2017-03-28T05:00:00Z,4944.178
2017-03-28T05:30:00Z,4944.181
2017-03-28T06:00:00Z,4944.171
2017-03-28T06:30:00Z,4944.145
2017-03-28T07:00:00Z,4944.105
2017-03-28T07:30:00Z,4944.055
2017-03-28T08:00:00Z,4943.991
2017-03-28T09:30:00Z,4943.776
2017-03-28T10:00:00Z,4943.716
2017-03-28T10:30:00Z,4943.668
2017-03-28T11:00:00Z,4943.635
2017-03-28T11:30:00Z,4943.622
2017-03-28T12:00:00Z,4943.63
2017-03-28T16:30:00Z,4944.111
2017-03-28T17:00:00Z,4944.148
2017-03-28T22:30:00Z,4943.679
2017-03-28T23:00:00Z,4943.634
2017-03-29T02:30:00Z,4943.782
2017-03-29T03:00:00Z,4943.859
2017-03-30T01:30:00Z,4943.479
2017-03-30T02:00:00Z,4943.523
2017-03-30T03:30:00Z,4943.748
2017-03-30T04:00:00Z,4943.842
2017-03-30T06:30:00Z,4944.226
2017-03-30T07:00:00Z,4944.253
2017-03-30T09:30:00Z,4944.113
2017-03-30T10:00:00Z,4944.053
2017-03-30T10:30:00Z,4943.994
2017-03-30T11:00:00Z,4943.94
2017-03-30T13:30:00Z,4943.864
2017-03-30T14:00:00Z,4943.89
2017-03-30T20:30:00Z,4944.094
2017-03-30T21:00:00Z,4944.006
2017-03-30T21:30:00Z,4943.903
2017-03-30T22:00:00Z,4943.796
2017-03-31T00:30:00Z,4943.381
2017-03-31T01:00:00Z,4943.353
2017-03-31T01:30:00Z,4943.351
2017-03-31T02:00:00Z,4943.37
2017-03-31T02:30:00Z,4943.41
2017-03-31T03:00:00Z,4943.468
2017-03-31T03:30:00Z,4943.541
2017-03-31T04:00:00Z,4943.629
2017-03-31T04:30:00Z,4943.732
2017-03-31T05:00:00Z,4943.839
2017-03-31T05:30:00Z,4943.947
2017-03-31T06:00:00Z,4944.039
2017-03-31T07:30:00Z,4944.224
2017-03-31T08:00:00Z,4944.245
2017-03-31T08:30:00Z,4944.246
2017-03-31T09:00:00Z,4944.232
2017-03-31T09:30:00Z,4944.202
2017-03-31T10:00:00Z,4944.161
2017-03-31T10:30:00Z,4944.113
2017-03-31T11:00:00Z,4944.058
2017-03-31T11:30:00Z,4944.007
2017-03-31T12:00:00Z,4943.967
2017-03-31T12:30:00Z,4943.94
2017-03-31T13:00:00Z,4943.921
2017-03-31T13:30:00Z,4943.918
2017-03-31T14:00:00Z,4943.929
2017-03-31T14:30:00Z,4943.961
2017-03-31T15:00:00Z,4944.002
2017-03-31T15:30:00Z,4944.052
2017-03-31T16:00:00Z,4944.111
2017-03-31T16:30:00Z,4944.171
2017-03-31T17:00:00Z,4944.223
2017-03-31T17:30:00Z,4944.27
2017-03-31T18:00:00Z,4944.303
2017-03-31T18:30:00Z,4944.323
2017-03-31T19:00:00Z,4944.321
2017-03-31T19:30:00Z,4944.303
2017-03-31T20:00:00Z,4944.26
2017-03-31T20:30:00Z,4944.204
2017-03-31T21:00:00Z,4944.124
2017-03-31T21:30:00Z,4944.029
2017-03-31T22:00:00Z,4943.918
2017-03-31T22:30:00Z,4943.803
2017-03-31T23:00:00Z,4943.689
2017-03-31T23:30:00Z,4943.583
2017-04-01T00:00:00Z,4943.486
2017-04-01T00:30:00Z,4943.403
2017-04-01T01:00:00Z,4943.342
2017-04-01T01:30:00Z,4943.305
2017-04-01T02:00:00Z,4943.294
2017-04-01T02:30:00Z,4943.305
2017-04-01T03:00:00Z,4943.336
2017-04-01T03:30:00Z,4943.386
2017-04-01T04:00:00Z,4943.455
2017-04-01T04:30:00Z,4943.54
2017-04-01T05:00:00Z,4943.636
2017-04-01T05:30:00Z,4943.747
2017-04-01T06:00:00Z,4943.856
2017-04-01T06:30:00Z,4943.96
2017-04-01T07:00:00Z,4944.053
2017-04-01T07:30:00Z,4944.126
2017-04-01T08:00:00Z,4944.181
2017-04-01T08:30:00Z,4944.219
2017-04-01T09:00:00Z,4944.235
2017-04-01T09:30:00Z,4944.237
2017-04-01T10:00:00Z,4944.219
2017-04-01T10:30:00Z,4944.191
2017-04-01T11:00:00Z,4944.157
2017-04-01T11:30:00Z,4944.113
2017-04-01T12:00:00Z,4944.08
2017-04-01T12:30:00Z,4944.049
2017-04-01T13:00:00Z,4944.029
2017-04-01T13:30:00Z,4944.015
2017-04-01T14:00:00Z,4944.016
2017-04-01T14:30:00Z,4944.029
2017-04-01T15:00:00Z,4944.055
2017-04-01T15:30:00Z,4944.096
2017-04-01T16:00:00Z,4944.14
2017-04-01T16:30:00Z,4944.191
2017-04-01T17:00:00Z,4944.244
2017-04-01T17:30:00Z,4944.296
2017-04-01T18:00:00Z,4944.338
2017-04-01T18:30:00Z,4944.37
2017-04-01T19:00:00Z,4944.389
2017-04-01T19:30:00Z,4944.39
2017-04-01T20:00:00Z,4944.371
2017-04-01T20:30:00Z,4944.328
2017-04-01T21:00:00Z,4944.265
2017-04-01T21:30:00Z,4944.182
2017-04-01T22:00:00Z,4944.085
2017-04-01T22:30:00Z,4943.979
2017-04-01T23:00:00Z,4943.865
2017-04-01T23:30:00Z,4943.749
2017-04-02T00:00:00Z,4943.635
2017-04-02T00:30:00Z,4943.535
2017-04-02T01:00:00Z,4943.443
2017-04-02T01:30:00Z,4943.378
2017-04-02T02:00:00Z,4943.326
2017-04-02T02:30:00Z,4943.303
2017-04-02T03:00:00Z,4943.3
2017-04-02T03:30:00Z,4943.317
2017-04-02T04:00:00Z,4943.358
2017-04-02T04:30:00Z,4943.42
2017-04-02T05:00:00Z,4943.5
2017-04-02T05:30:00Z,4943.593
2017-04-02T06:00:00Z,4943.694
2017-04-02T06:30:00Z,4943.802
2017-04-02T07:00:00Z,4943.904
2017-04-02T07:30:00Z,4943.999
2017-04-02T08:00:00Z,4944.08
2017-04-02T08:30:00Z,4944.145
2017-04-02T09:00:00Z,4944.194
2017-04-02T09:30:00Z,4944.23
2017-04-02T10:00:00Z,4944.245
2017-04-02T10:30:00Z,4944.244
2017-04-02T11:00:00Z,4944.234
2017-04-02T11:30:00Z,4944.214
2017-04-02T12:00:00Z,4944.188
2017-04-02T12:30:00Z,4944.16
2017-04-02T13:00:00Z,4944.133
2017-04-02T13:30:00Z,4944.114
2017-04-02T14:00:00Z,4944.101
2017-04-02T14:30:00Z,4944.101
2017-04-02T15:00:00Z,4944.113
2017-04-02T15:30:00Z,4944.135
2017-04-02T16:00:00Z,4944.168
2017-04-02T16:30:00Z,4944.207
2017-04-02T17:00:00Z,4944.248
2017-04-02T17:30:00Z,4944.29
2017-04-02T18:00:00Z,4944.333
2017-04-02T18:30:00Z,4944.374
2017-04-02T19:00:00Z,4944.407
2017-04-02T19:30:00Z,4944.431
2017-04-02T20:00:00Z,4944.433
2017-04-02T20:30:00Z,4944.415
2017-04-02T21:00:00Z,4944.378
2017-04-02T21:30:00Z,4944.316
2017-04-02T22:00:00Z,4944.24
2017-04-02T22:30:00Z,4944.148
2017-04-02T23:00:00Z,4944.046
2017-04-02T23:30:00Z,4943.933
2017-04-03T00:00:00Z,4943.823
2017-04-03T00:30:00Z,4943.711
2017-04-03T01:00:00Z,4943.606
2017-04-03T01:30:00Z,4943.518
2017-04-03T02:00:00Z,4943.443
2017-04-03T02:30:00Z,4943.384
2017-04-03T03:00:00Z,4943.344
2017-04-03T03:30:00Z,4943.327
2017-04-03T04:00:00Z,4943.328
2017-04-03T04:30:00Z,4943.353
2017-04-03T05:00:00Z,4943.397
2017-04-03T05:30:00Z,4943.46
2017-04-03T06:00:00Z,4943.536
2017-04-03T06:30:00Z,4943.624
2017-04-03T07:00:00Z,4943.72
2017-04-03T07:30:00Z,4943.819
2017-04-03T08:00:00Z,4943.912
2017-04-03T08:30:00Z,4943.993
2017-04-03T09:00:00Z,4944.062
2017-04-03T09:30:00Z,4944.117
2017-04-03T10:00:00Z,4944.157
2017-04-03T10:30:00Z,4944.186
2017-04-03T11:00:00Z,4944.201
2017-04-03T11:30:00Z,4944.206
2017-04-03T12:00:00Z,4944.203
2017-04-03T12:30:00Z,4944.192
2017-04-03T13:00:00Z,4944.177
2017-04-03T13:30:00Z,4944.158
2017-04-03T14:00:00Z,4944.146
2017-04-03T14:30:00Z,4944.135
2017-04-03T15:00:00Z,4944.133
2017-04-03T15:30:00Z,4944.141
2017-04-03T16:00:00Z,4944.159
2017-04-03T16:30:00Z,4944.187
2017-04-03T17:00:00Z,4944.217
2017-04-03T17:30:00Z,4944.249
2017-04-03T18:00:00Z,4944.282
2017-04-03T18:30:00Z,4944.32
2017-04-03T19:00:00Z,4944.358
2017-04-03T19:30:00Z,4944.389
2017-04-03T20:00:00Z,4944.41
2017-04-03T20:30:00Z,4944.416
2017-04-03T21:00:00Z,4944.403
2017-04-03T21:30:00Z,4944.372
2017-04-03T22:00:00Z,4944.325
2017-04-03T22:30:00Z,4944.263
2017-04-03T23:00:00Z,4944.188
2017-04-03T23:30:00Z,4944.099
2017-04-04T00:00:00Z,4944.002
2017-04-04T00:30:00Z,4943.899
2017-04-04T01:00:00Z,4943.794
2017-04-04T01:30:00Z,4943.695
2017-04-04T02:00:00Z,4943.604
2017-04-04T02:30:00Z,4943.524
2017-04-04T03:00:00Z,4943.459
2017-04-04T03:30:00Z,4943.409
2017-04-04T04:00:00Z,4943.377
2017-04-04T04:30:00Z,4943.366
2017-04-04T05:00:00Z,4943.375
2017-04-04T05:30:00Z,4943.401
2017-04-04T06:00:00Z,4943.445
2017-04-04T06:30:00Z,4943.499
2017-04-04T07:00:00Z,4943.568
2017-04-04T07:30:00Z,4943.641
2017-04-04T08:00:00Z,4943.724
2017-04-04T08:30:00Z,4943.808
2017-04-04T09:00:00Z,4943.893
2017-04-04T09:30:00Z,4943.969
2017-04-04T10:00:00Z,4944.031
2017-04-04T10:30:00Z,4944.085
2017-04-04T11:00:00Z,4944.125
2017-04-04T11:30:00Z,4944.152
2017-04-04T12:00:00Z,4944.17
2017-04-04T12:30:00Z,4944.18
2017-04-04T13:00:00Z,4944.183
2017-04-04T13:30:00Z,4944.178
2017-04-04T14:00:00Z,4944.172
2017-04-04T14:30:00Z,4944.161
2017-04-04T15:00:00Z,4944.155
2017-04-04T15:30:00Z,4944.151
2017-04-04T16:00:00Z,4944.154
2017-04-04T16:30:00Z,4944.162
2017-04-04T17:00:00Z,4944.177
2017-04-04T17:30:00Z,4944.195
2017-04-04T18:00:00Z,4944.217
2017-04-04T18:30:00Z,4944.244
2017-04-04T19:00:00Z,4944.271
2017-04-04T19:30:00Z,4944.302
2017-04-04T20:00:00Z,4944.327
2017-04-04T20:30:00Z,4944.348
2017-04-04T21:00:00Z,4944.357
2017-04-04T21:30:00Z,4944.35
2017-04-04T22:00:00Z,4944.334
2017-04-04T22:30:00Z,4944.301
2017-04-04T23:00:00Z,4944.257
2017-04-04T23:30:00Z,4944.202
2017-04-05T00:00:00Z,4944.135
2017-04-05T00:30:00Z,4944.06
2017-04-05T01:00:00Z,4943.976
2017-04-05T01:30:00Z,4943.891
2017-04-05T02:00:00Z,4943.806
2017-04-05T02:30:00Z,4943.725
2017-04-05T03:00:00Z,4943.648
2017-04-05T04:30:00Z,4943.482
2017-04-05T05:00:00Z,4943.457
2017-04-05T05:30:00Z,4943.447
2017-04-05T06:00:00Z,4943.455
2017-04-05T06:30:00Z,4943.475
2017-04-05T07:00:00Z,4943.509
2017-04-05T07:30:00Z,4943.556
2017-04-05T08:00:00Z,4943.612
2017-04-05T08:30:00Z,4943.68
2017-04-05T09:00:00Z,4943.753
2017-04-05T09:30:00Z,4943.828
2017-04-05T10:00:00Z,4943.899
2017-04-05T10:30:00Z,4943.962
2017-04-05T11:00:00Z,4944.02
2017-04-05T11:30:00Z,4944.072
2017-04-05T12:00:00Z,4944.112
2017-04-05T12:30:00Z,4944.146
2017-04-05T13:00:00Z,4944.173
2017-04-05T13:30:00Z,4944.188
2017-04-05T14:00:00Z,4944.192
2017-04-05T23:30:00Z,4944.242
2017-04-06T00:00:00Z,4944.208
2017-04-06T04:15:00Z,4943.692
2017-04-06T04:30:00Z,4943.664
2017-04-06T04:45:00Z,4943.638
2017-04-06T05:00:00Z,4943.614
2017-04-06T05:15:00Z,4943.594
2017-04-06T05:30:00Z,4943.577
2017-04-06T05:45:00Z,4943.561
2017-04-06T06:00:00Z,4943.545
2017-04-06T09:30:00Z,4943.706
2017-04-06T10:00:00Z,4943.766
2017-04-06T11:15:00Z,4943.937
2017-04-06T11:30:00Z,4943.968
2017-04-06T11:45:00Z,4944.0
2017-04-06T12:00:00Z,4944.027
2017-04-06T12:15:00Z,4944.057
2017-04-06T12:30:00Z,4944.083
2017-04-06T12:45:00Z,4944.106
2017-04-06T13:00:00Z,4944.129
2017-04-06T13:15:00Z,4944.15
2017-04-06T13:30:00Z,4944.165
2017-04-06T13:45:00Z,4944.18
2017-04-06T14:00:00Z,4944.191
2017-04-06T14:15:00Z,4944.198
2017-04-06T14:30:00Z,4944.203
2017-04-06T14:45:00Z,4944.207
2017-04-06T15:00:00Z,4944.209
2017-04-06T15:15:00Z,4944.21
2017-04-06T15:30:00Z,4944.211
2017-04-06T15:45:00Z,4944.21
2017-04-06T16:00:00Z,4944.204
2017-04-06T16:15:00Z,4944.2
2017-04-06T16:30:00Z,4944.192
2017-04-06T16:45:00Z,4944.186
2017-04-06T17:00:00Z,4944.176
2017-04-06T17:15:00Z,4944.169
2017-04-06T17:30:00Z,4944.161
2017-04-06T17:45:00Z,4944.151
2017-04-06T18:00:00Z,4944.144
2017-04-06T18:15:00Z,4944.134
2017-04-06T18:30:00Z,4944.13
2017-04-06T18:45:00Z,4944.125
2017-04-06T19:00:00Z,4944.119
2017-04-06T19:15:00Z,4944.115
2017-04-06T19:30:00Z,4944.115
2017-04-06T19:45:00Z,4944.117
2017-04-06T20:00:00Z,4944.117
2017-04-06T20:15:00Z,4944.123
2017-04-06T20:30:00Z,4944.125
2017-04-06T20:45:00Z,4944.13
2017-04-06T21:00:00Z,4944.136
2017-04-06T21:15:00Z,4944.143
2017-04-06T21:30:00Z,4944.15
2017-04-06T21:45:00Z,4944.157
2017-04-06T22:00:00Z,4944.164
2017-04-06T22:15:00Z,4944.169
2017-04-06T22:30:00Z,4944.178
2017-04-06T22:45:00Z,4944.183
2017-04-06T23:00:00Z,4944.192
2017-04-06T23:15:00Z,4944.195
2017-04-06T23:30:00Z,4944.197
2017-04-06T23:45:00Z,4944.199
2017-04-07T00:00:00Z,4944.2
2017-04-07T02:30:00Z,4944.089
2017-04-07T03:00:00Z,4944.044
2017-04-08T19:15:00Z,4944.023
2017-04-08T19:30:00Z,4944.001
2017-04-08T19:45:00Z,4943.98
2017-04-08T20:00:00Z,4943.96
2017-04-08T20:15:00Z,4943.939
2017-04-08T20:30:00Z,4943.92
2017-04-08T20:45:00Z,4943.905
2017-04-08T21:00:00Z,4943.887
2017-04-08T21:15:00Z,4943.875
2017-04-08T21:30:00Z,4943.866
2017-04-08T21:45:00Z,4943.857
2017-04-08T22:00:00Z,4943.855
2017-04-08T22:15:00Z,4943.853
2017-04-08T22:30:00Z,4943.857
2017-04-08T22:45:00Z,4943.863
2017-04-08T23:00:00Z,4943.876
2017-04-08T23:15:00Z,4943.888
2017-04-08T23:30:00Z,4943.902
2017-04-08T23:45:00Z,4943.916
2017-04-09T00:00:00Z,4943.931
2017-04-09T00:30:00Z,4943.97
2017-04-09T01:00:00Z,4944.008
2017-04-09T01:30:00Z,4944.052
2017-04-09T02:00:00Z,4944.091
2017-04-09T02:30:00Z,4944.126
2017-04-09T03:00:00Z,4944.148
2017-04-09T03:30:00Z,4944.16
2017-04-09T04:00:00Z,4944.158
2017-04-09T04:30:00Z,4944.142
2017-04-09T05:00:00Z,4944.116
2017-04-09T05:30:00Z,4944.081
2017-04-09T06:00:00Z,4944.037
2017-04-09T06:30:00Z,4943.981
2017-04-09T07:00:00Z,4943.918
2017-04-09T07:30:00Z,4943.854
2017-04-09T08:00:00Z,4943.793
2017-04-09T08:30:00Z,4943.739
2017-04-09T09:00:00Z,4943.698
2017-04-09T09:30:00Z,4943.671
2017-04-09T10:00:00Z,4943.659
2017-04-09T10:30:00Z,4943.658
2017-04-09T11:00:00Z,4943.673
2017-04-09T11:30:00Z,4943.704
2017-04-09T12:00:00Z,4943.747
2017-04-09T13:30:00Z,4943.942
2017-04-09T14:00:00Z,4944.01
2017-04-09T14:30:00Z,4944.075
2017-04-09T15:00:00Z,4944.133
2017-04-09T17:30:00Z,4944.196
2017-04-09T18:00:00Z,4944.16
2017-04-10T22:30:00Z,4943.602
2017-04-10T23:00:00Z,4943.575
2017-04-11T11:30:00Z,4943.751
2017-04-11T12:00:00Z,4943.751
2017-04-11T16:30:00Z,4944.19
2017-04-11T17:00:00Z,4944.212
2017-04-11T17:30:00Z,4944.218
2017-04-11T18:00:00Z,4944.204
2017-04-11T19:30:00Z,4944.066
2017-04-11T20:00:00Z,4943.993
2017-04-11T20:30:00Z,4943.911
2017-04-11T21:00:00Z,4943.825
2017-04-11T21:30:00Z,4943.738
2017-04-11T22:00:00Z,4943.657
2017-04-11T22:30:00Z,4943.594
2017-04-11T23:00:00Z,4943.544
2017-04-11T23:30:00Z,4943.512
2017-04-12T00:00:00Z,4943.503
2017-04-12T00:30:00Z,4943.512
2017-04-12T01:00:00Z,4943.546
2017-04-12T02:30:00Z,4943.741
2017-04-12T03:00:00Z,4943.827
2017-04-12T05:30:00Z,4944.213
2017-04-12T06:00:00Z,4944.252
2017-04-12T06:30:00Z,4944.269
2017-04-12T07:00:00Z,4944.266
2017-04-12T07:30:00Z,4944.246
2017-04-12T08:00:00Z,4944.214
2017-04-12T20:15:00Z,4944.018
2017-04-12T20:30:00Z,4943.976
2017-04-12T20:45:00Z,4943.928
2017-04-12T21:00:00Z,4943.88
2017-04-13T15:30:00Z,4944.1
2017-04-13T16:00:00Z,4944.152
2017-04-14T20:30:00Z,4944.146
2017-04-14T21:00:00Z,4944.065
2017-04-14T22:30:00Z,4943.767
2017-04-14T23:00:00Z,4943.668
